,N°,DELEGACION,MERCADO,NUM_OFIC,NUM_LOCALE,Coord_Y,Coord_X,DIRECCION,COLONIA,TIPO,SUPERF_M2,INAUGURACI,ANTIGÜEDA,VOCACIÓN,DETALLE,FORMA,NIVELES,TAMAÑO1,PROTEGIDO,COORGEOG_X,COORGEOG_Y,geometry
0,18.0,AZCAPOTZALCO,AZCAPOTZALCO,35.0,546.0,2154268.07,480539.52674,AV. AZCAPOTZALCO ENTRE ESPERANZA Y RAYON,AZCAPOTZALCO,TRADICIONAL,9346.0,1957.0,63.0,N/D,N/D,CUADRO,1,MEDIANO,SI,-99.185439,19.482872,POINT Z (-99.1854389999357 19.482871914660596 0)
1,20.0,AZCAPOTZALCO,CLAVERIA,46.0,98.0,2152290.31457,480987.33324,IRAPUATO Y CLAVERIA S/N,CLAVERIA,TRADICIONAL,2063.0,1947.0,73.0,N/D,N/D,CUADRO,1,CHICO,NO,-99.181152,19.465003,POINT Z (-99.1811519999041 19.4650029147353 0)
2,17.0,AZCAPOTZALCO,ARENAL,125.0,198.0,2152427.54057,484181.95416,ALAMO Y CALLE 6 ENTRE OLIVO Y CALLE 6,ARENAL,TRADICIONAL,3129.0,1963.0,57.0,N/D,N/D,RECTANGULO,1,CHICO,SI,-99.150715,19.466271,POINT Z (-99.1507149999522 19.4662709147299 0)
3,29.0,AZCAPOTZALCO,PROHOGAR,126.0,641.0,2153487.53606,483884.41298,CALLE 14 S/N ENTRE CALLES 19 Y 21,PROHOGAR,TRADICIONAL,7167.0,1963.0,57.0,"ROPA, CALZADO Y TELAS",ROPA,CUADRO,1,GRANDE,NO,-99.153559,19.475848,POINT Z (-99.1535589998854 19.4758479147204 0)
4,33.0,AZCAPOTZALCO,SANTA LUCIA,137.0,150.0,2153555.07609,479388.53462,AV. SANTA LUCIA ENTRE CENTEOTL Y ACATL,SANTA LUCIA,TRADICIONAL,3116.0,1964.0,56.0,N/D,N/D,CUADRO,1,CHICO,NO,-99.196399,19.476417,POINT Z (-99.1963989998963 19.4764169146971 0)
5,21.0,AZCAPOTZALCO,COSMOPOLITA,138.0,135.0,2153419.17055,483019.89603,AV. CEYLAN ESQ. ISLAS ALEUTIANAS,POTRERO DEL LLANO,TRADICIONAL,2848.0,1963.0,57.0,N/D,N/D,CUADRO,1,CHICO,NO,-99.161796,19.475223,POINT Z (-99.1617959998909 19.4752229146679 0)
6,35.0,AZCAPOTZALCO,VICTORIA DE LAS DEMOCRACIAS,141.0,177.0,2152574.78656,482885.70615,"TORONJIL Y PEREJIL, ENTRE PIMIENTA Y MEJORANA",VICTORIA DE LAS DEMOCRACIAS,TRADICIONAL,2954.0,1964.0,56.0,N/D,N/D,RECTANGULO,1,CHICO,NO,-99.163067,19.467591,POINT Z (-99.163066999883 19.4675909147463 0)
7,26.0,AZCAPOTZALCO,OBRERO POPULAR,142.0,125.0,2152093.63629,481783.11029,NORTE 67 ENTRE  PONIENTE 54 Y SUR 4,OBRERO POPULAR,TRADICIONAL,1856.0,1968.0,52.0,N/D,N/D,RECTANGULO,1,CHICO,NO,-99.173568,19.463233,POINT Z (-99.1735679998648 19.4632329147605 0)
8,25.0,AZCAPOTZALCO,NUEVA SANTA MARIA,143.0,126.0,2152221.87589,482235.38564,"CLAVELINAS ENTRE MEMBRILLO, BEGONIAS Y VID",NUEVA SANTA MARIA,TRADICIONAL,3740.0,1963.0,57.0,N/D,N/D,CUADRO,1,CHICO,NO,-99.16926,19.464396,POINT Z (-99.16925999993079 19.4643959146893 0)
9,19.0,AZCAPOTZALCO,BENITO JUAREZ,167.0,123.0,2153476.38104,481445.00072,AV. RABAUL ENTRE NORTE 81 Y NORTE 79,SINDICATO MEXICANO DE ELECTRICISTAS,TRADICIONAL,2317.0,1964.0,56.0,N/D,N/D,RECTANGULO,1,CHICO,NO,-99.176803,19.475726,POINT Z (-99.1768029998673 19.4757259146915 0)
10,34.0,AZCAPOTZALCO,TLATILCO,194.0,155.0,2151962.04981,482934.66446,"ORQUIDEA 35, ENTRE AV. JARDIN Y AV. TLATILCO",TLATILCO,TRADICIONAL,3137.0,1974.0,46.0,N/D,N/D,CUADRO,1,CHICO,NO,-99.162595,19.462054,POINT Z (-99.16259499989731 19.4620539147693 0)
11,32.0,AZCAPOTZALCO,SAN JUAN TLIHUACA,224.0,168.0,2155386.37007,478657.96029,SAN JUAN TLIHUACA Y FORTUNA ZUA ZUA,SAN JUAN TLIHUACA,TRADICIONAL,2991.0,1962.0,58.0,N/D,N/D,RECTANGULO,1,CHICO,NO,-99.203381,19.492959,POINT Z (-99.2033809999369 19.4929589145991 0)
12,22.0,AZCAPOTZALCO,JARDIN 23 DE ABRIL,227.0,154.0,2154215.51563,477403.4422,"AV. 23 DE ABRIL Y LIBERATO LARA, ENTRE ADRIAN CASTREJON Y JOAQUIN AMARO",AMPLIACIÒN SAN PEDRO XALPA,TRADICIONAL,3495.0,1969.0,51.0,N/D,N/D,IRREGULAR,1,CHICO,NO,-99.215322,19.482364,POINT Z (-99.2153219998567 19.482363914682498 0)
13,23.0,AZCAPOTZALCO,JARDIN FORTUNA NACIONAL,228.0,71.0,2154035.83826,478467.7756,"CAMPO FORTUNA NACIONAL, ENTRE  CAMPO VERDE Y CAMPO TASAJERA",AMPLIACIÒN PETROLERA,TRADICIONAL,3140.0,1973.0,47.0,N/D,N/D,IRREGULAR,1,CHICO,NO,-99.205178,19.480752,POINT Z (-99.20517799993839 19.4807519147001 0)
14,30.0,AZCAPOTZALCO,PROVIDENCIA,247.0,143.0,2155226.23167,477582.05411,"CALLE LUCIO BLANCO, ENTRE FRANCISCO I. MADERO Y VENUSTIANO CARRANZA",PROVIDENCIA,TRADICIONAL,1928.0,1963.0,57.0,N/D,N/D,RECTANGULO,1,CHICO,NO,-99.213632,19.4915,POINT Z (-99.2136319999216 19.4914999146174 0)
15,24.0,AZCAPOTZALCO,LAMINADORES,250.0,148.0,2153983.59438,483642.43427,"MINEROS METALURGICOS, ENTRE LAMINADORES Y CALLES 8 Y 9",TRABAJADORES DEL FIERRO,TRADICIONAL,1491.0,1972.0,48.0,N/D,N/D,IRREGULAR,2,CHICO,NO,-99.155869,19.480329,POINT Z (-99.1558689998838 19.4803289146744 0)
16,27.0,AZCAPOTZALCO,PANTACO,268.0,41.0,2153332.71317,482029.83585,AV. RABAUL Y ADUANAS PANTACO,HOGAR DE LOS F.F.C.C.,ESPECIALIZADO,2494.0,1963.0,57.0,COMIDA PREPARADA Y OTROS,COMIDA PREPARADA,RECTANGULO,1,CHICO,NO,-99.171229,19.474433,POINT Z (-99.17122899994382 19.4744329146892 0)
17,28.0,AZCAPOTZALCO,PASTEROS,276.0,122.0,2155744.72243,479275.82019,JACARANDAS ENTRE DURAZNOS Y CIRUELOS,PASTEROS,TRADICIONAL,1601.0,1963.0,57.0,N/D,N/D,RECTANGULO,1,CHICO,NO,-99.197497,19.496204,POINT Z (-99.1974969998792 19.4962039145911 0)
18,59.0,COYOACÁN,COYOACAN,89.0,464.0,2139865.46056,483038.47198,"XICOTENCATL, ENTRE MALITZIN Y ALLENDE",DEL CARMEN COYOACAN,TRADICIONAL,8222.0,1957.0,63.0,COMIDA PREPARADA Y OTROS,COMIDA PREPARADA,CUADRO,1,MEDIANO,SI,-99.161498,19.352735,POINT Z (-99.1614979999229 19.3527349151137 0)
19,67.0,COYOACÁN,PRADO CHURUBUSCO,130.0,117.0,2140013.178,486769.43445,OSA MENOR ENTRE ORION Y PEGASO,PRADO CHURUBUSCO,TRADICIONAL,1990.0,1964.0,56.0,N/D,N/D,CUADRO,1,CHICO,NO,-99.125975,19.354098,POINT Z (-99.12597499996998 19.3540979150673 0)
20,70.0,COYOACÁN,SANTA URSULA COAPA (PESCADITOS),154.0,268.0,2135331.98316,484206.73509,"SAN GONZALO MZ. 933 LT. 2, ENTRE SAN BENJAMIN Y SAN CASTULO",SANTA URSULA COAPA,TRADICIONAL,5428.0,1970.0,50.0,N/D,N/D,IRREGULAR,1,MEDIANO,NO,-99.150337,19.311774,POINT Z (-99.15033699989431 19.311773915243595 0)
21,61.0,COYOACÁN,EL RELOJ,155.0,90.0,2136095.72276,485237.39601,"CAL.CALIZ Y PRIMAVERA,CDA DE CALIZ",EL RELOJ,TRADICIONAL,1175.0,1962.0,58.0,N/D,N/D,CUADRO,1,CHICO,NO,-99.140532,19.318684,POINT Z (-99.14053199992131 19.3186839151563 0)
22,73.0,COYOACÁN,XOTEPINGO,157.0,124.0,2138243.05151,484816.89521,LAS ROSAS Y NOCHE BUENA,CIUDAD JARDIN,TRADICIONAL,2347.0,1966.0,54.0,N/D,N/D,CUADRO,1,CHICO,NO,-99.144552,19.338087,POINT Z (-99.14455199993918 19.3380869151296 0)
23,57.0,COYOACÁN,CHURUBUSCO,171.0,157.0,2139536.79813,484554.35518,"MARTIRES IRLANDESES, ENTRE JUAN AGUILAR Y LOPEZ  Y PAZ MONTES DE OCA",HEROES DEL 47,TRADICIONAL,3218.0,1962.0,58.0,N/D,N/D,RECTANGULO,1,CHICO,NO,-99.147062,19.349777,POINT Z (-99.14706199987748 19.3497769150679 0)
24,54.0,COYOACÁN,AVANTE,180.0,101.0,2136922.82069,485826.20545,AV. DEL PARQUE Y RETORNO 50 S/N,AVANTE,TRADICIONAL,3224.0,1967.0,53.0,N/D,N/D,CUADRO,1,CHICO,NO,-99.134933,19.326163,POINT Z (-99.13493299989 19.3261629151942 0)
25,68.0,COYOACÁN,RUIZ CORTINEZ (LA CRUZ),199.0,95.0,2136101.10608,484101.40892,TEPETLAPA ENTRE CANAZOC Y TEPEPEHU,ADOLFO RUIZ CORTINEZ,TRADICIONAL,1178.0,1984.0,36.0,N/D,N/D,CUADRO,1,CHICO,NO,-99.151346,19.318724,POINT Z (-99.1513459999257 19.3187239152148 0)
26,53.0,COYOACÁN,AJUSCO MONTSERRAT (LA BOLA),229.0,233.0,2136665.22962,483459.23659,TOTONACAS IXTLIXOCHITL (LA BOLA),AJUSCO,TRADICIONAL,7755.0,1973.0,47.0,"ROPA, CALZADO Y TELAS",ROPA,CIRCULO,1,MEDIANO,NO,-99.157464,19.323817,POINT Z (-99.1574639999317 19.323816915154698 0)
27,69.0,COYOACÁN,SAN FRANCISCO CULHUACAN,236.0,235.0,2138015.26224,487048.00812,"HEROICA ESCUELA NAVAL MILITAR # 51, ENTRE AV. TAXQUEÑA Y EJIDO  SAN ANTONIO TOMATLAN",SAN FRANCISCO CULHUACAN,TRADICIONAL,5357.0,1969.0,51.0,N/D,N/D,RECTANGULO,1,MEDIANO,NO,-99.123309,19.336044,POINT Z (-99.1233089999256 19.3360439151346 0)
28,52.0,COYOACÁN,AJUSCO MOCTEZUMA,237.0,232.0,2135471.76637,482947.49409,"AV. CORAS Y NEZAHALPILLI, ENTRE MOCTEZUMA Y SAN GUILLERMO",AJUSCO,TRADICIONAL,5698.0,1966.0,54.0,N/D,N/D,IRREGULAR,1,MEDIANO,NO,-99.162325,19.313027,POINT Z (-99.16232499992148 19.3130269152524 0)
29,60.0,COYOACÁN,EDUCACION PETROLERA,259.0,78.0,2138044.58215,486151.434,AVENIDA 3 Y AVENIDA 5,EDUCACION PETROLERA,TRADICIONAL,1924.0,1966.0,54.0,N/D,N/D,RECTANGULO,1,CHICO,NO,-99.131845,19.336303,POINT Z (-99.1318449998913 19.3363029151356 0)
30,65.0,COYOACÁN,LOS REYES COYOACAN,300.0,104.0,2137739.59658,483409.79525,BASALTO Y CANTERA,PEDREGAL SANTO DOMINGO,TRADICIONAL,3987.0,1988.0,32.0,N/D,N/D,RECTANGULO,1,CHICO,NO,-99.157944,19.333526,POINT Z (-99.1579439998844 19.3335259151043 0)
31,71.0,COYOACÁN,SANTO DOMINGO LAS ROSAS,301.0,105.0,2137455.81674,482885.80447,AV. PAPALOTL ENTRE ESCUINAPA Y CANAHUTLI,PEDREGAL SANTO DOMINGO,TRADICIONAL,4384.0,1984.0,36.0,N/D,N/D,RECTANGULO,1,CHICO,NO,-99.16293,19.330957,POINT Z (-99.1629299998788 19.3309569151575 0)
32,56.0,COYOACÁN,CARMEN SERDAN,303.0,116.0,2136277.15866,488858.83181,MANUELA MEDINA S/N. HERMANAS GONZALEZ Y GERTRUDIS BOCANEGRA,CARMEN SERDAN,TRADICIONAL,1971.0,1984.0,36.0,N/D,N/D,CUADRO,1,CHICO,NO,-99.106059,19.320347,POINT Z (-99.1060589999136 19.3203469151837 0)
33,66.0,COYOACÁN,MARGARITA MAZA DE JUAREZ,311.0,102.0,2135470.08294,487961.09104,"ORIENTAL , ENTRE TEPETLAPA Y TORRE EIFFEL",U.H. ALIANZA POPULAR,TRADICIONAL,1404.0,1984.0,36.0,N/D,N/D,CUADRO,1,CHICO,NO,-99.1146,19.313048,POINT Z (-99.1145999999778 19.3130479152527 0)
34,63.0,COYOACÁN,EMILIANO ZAPATA,319.0,47.0,2135842.09773,488468.30633,PLAN DE AYALA Y ANENECUILCO,U.H. EMILIANO ZAPATA,TRADICIONAL,837.0,1985.0,35.0,N/D,N/D,CUADRO,1,CHICO,NO,-99.109774,19.316413,POINT Z (-99.10977399998158 19.3164129152058 0)
35,72.0,COYOACÁN,SANTO DOMINGO LOS REYES,340.0,35.0,2136210.01964,482270.94342,ZIHUATLAN No 25 ENTRE PASCLE Y AHUEJOTE,PEDREGAL SANTO DOMINGO,TRADICIONAL,190.0,1979.0,41.0,N/D,N/D,RECTANGULO,2,CHICO,NO,-99.168772,19.319693,POINT Z (-99.16877199989528 19.319692915161 0)
36,58.0,COYOACÁN,COPILCO EL ALTO,347.0,68.0,2137550.98808,482071.30915,AV.ANACAHUITLA Y ECUINAPA S/N,PEDREGAL SANTO DOMINGO,TRADICIONAL,514.0,1988.0,32.0,N/D,N/D,RECTANGULO,2,CHICO,NO,-99.170685,19.33181,POINT Z (-99.17068499986549 19.3318099151563 0)
37,64.0,COYOACÁN,HERMOSILLO,368.0,45.0,2139116.53133,486511.03589,AMACUZAC ESQ. QUINCEO,HERMOSILLO,TRADICIONAL,560.0,1984.0,36.0,N/D,N/D,RECTANGULO,1,CHICO,NO,-99.128429,19.345993,POINT Z (-99.1284289998923 19.3459929150719 0)
38,62.0,COYOACÁN,EL VERDE,412.0,176.0,2135648.18844,489083.25506,ROSARIO CASTELLANOS Y DOLORES GUERRERO,UNIDAD C.T.M.,TRADICIONAL,2512.0,2012.0,8.0,N/D,N/D,CUADRO,2,CHICO,NO,-99.103919,19.314664,POINT Z (-99.10391899991438 19.3146639151827 0)
39,55.0,COYOACÁN,BAZAR DEL ARTESANO MEXICANO,414.0,550.0,2139582.1633,482831.61692,CALLE FELIPE CARRILLO PUERTO No 25,VILLA COYOACÁN,ESPECIALIZADO,2460.0,2012.0,8.0,N/D,N/D,IRREGULAR,2,MEDIANO,NO,-99.163465,19.350173,POINT Z (-99.1634649998993 19.3501729150716 0)
40,75.0,CUAJIMALPA,CUAJIMALPA,37.0,128.0,2140198.89458,468564.21956,AV. VERACRUZ Y MELCHOR OCAMPO,PUEBLO DE CUAJIMALPA,TRADICIONAL,2784.0,1962.0,58.0,N/D,N/D,CUADRO,1,CHICO,SI,-99.299318,19.355574,POINT Z (-99.29931799982799 19.3555739150253 0)
41,78.0,CUAJIMALPA,SAN MATEO TLALTENANGO,258.0,32.0,2138724.12018,470331.70321,MINA Y CDA. DE MINA S/N,SAN MATEO TLALTENANGO,TRADICIONAL,584.0,1962.0,58.0,N/D,N/D,RECTANGULO,1,CHICO,NO,-99.282466,19.342273,POINT Z (-99.2824659998128 19.3422729151139 0)
42,77.0,CUAJIMALPA,ROSA TORRES,262.0,159.0,2141783.3564,469662.18134,"AV. SAN JOSE DE LOS CEDROS ESQ, SAUCE",SAN JOSE DE LOS CEDROS,TRADICIONAL,3600.0,1975.0,45.0,N/D,N/D,IRREGULAR,1,CHICO,NO,-99.288889,19.36991,POINT Z (-99.28888899987422 19.3699099149978 0)
43,76.0,CUAJIMALPA,HUIZACHITO,-378.0,8.0,2141935.61749,470533.85505,"CAMINO A HUIZACHITOS/N, NOCHE DE PAZ Y ECHANOVE",HUIZACHITO LA PALMA,TRADICIONAL,4098.0,1982.0,38.0,N/D,N/D,RECTANGULO,1,CHICO,NO,-99.280591,19.371299,POINT Z (-99.2805909998355 19.3712989150364 0)
44,168.0,GUSTAVO A. MADERO,VILLA ZONA,34.0,938.0,2154371.39155,487906.37966,5 DE FEBRERO ENTRE MATAMOROS E ITURBIDE,GUSTAVO A. MADERO,TRADICIONAL,31866.0,1955.0,65.0,COMIDA PREPARADA Y OTROS,COMIDA Y ARTICULOS RELIGIOSOS,CUADRO,2,GRANDE,NO,-99.115241,19.483864,POINT Z (-99.11524099995918 19.483863914626898 0)
45,146.0,GUSTAVO A. MADERO,RAMON CORONA,45.0,458.0,2153623.82799,486935.01795,"CONSTANCIA  S/N, ENTRE RIO BLANCO Y NECAXA",INDUSTRIAL,TRADICIONAL,6599.0,1963.0,57.0,N/D,N/D,CUADRO,1,MEDIANO,SI,-99.124492,19.477102,POINT Z (-99.12449199993432 19.4771019146864 0)
46,123.0,GUSTAVO A. MADERO,CARRERA LARDIZABAL,50.0,131.0,2154221.98519,489536.04409,LUIS DE LA ROSA Y LEON GUZMAN,CONSTITUCION DE LA REPUBLICA,TRADICIONAL,1513.0,1964.0,56.0,N/D,N/D,RECTANGULO,1,CHICO,NO,-99.099711,19.482523,POINT Z (-99.0997109999362 19.4825229146568 0)
47,147.0,GUSTAVO A. MADERO,RIO BLANCO,53.0,454.0,2151907.61456,488181.81282,"CONGRESO DE LA UNION, ENTRE ORIENTE 95 Y ORIENTE 91",MARTIRES DE RÍO BLANCO,TRADICIONAL,6252.0,1963.0,57.0,N/D,N/D,RECTANGULO,1,MEDIANO,NO,-99.112601,19.4616,POINT Z (-99.11260099994819 19.461599914753197 0)
48,129.0,GUSTAVO A. MADERO,ESTRELLA,54.0,124.0,2153461.19569,487843.32543,JOYAS ENTRE OPALO Y ESCUELA,ESTRELLA,TRADICIONAL,2074.0,1958.0,62.0,N/D,N/D,RECTANGULO,1,CHICO,NO,-99.115836,19.475638,POINT Z (-99.11583599998478 19.475637914652 0)
49,127.0,GUSTAVO A. MADERO,DIEZ DE MAYO,56.0,390.0,2151309.33965,489012.17905,"ORIENTE 87, NORTE 84 Y ORIENTE 89",NUEVA TENOCHTITLAN,TRADICIONAL,5477.0,1961.0,59.0,N/D,N/D,CUADRO,1,MEDIANO,NO,-99.104686,19.456198,POINT Z (-99.1046859999911 19.4561979147266 0)
50,133.0,GUSTAVO A. MADERO,GERTRUDIS SANCHEZ,58.0,215.0,2152181.73485,489377.21826,"NORTE 82B ESQ. HENRY FORD, ENTRE NORTE 84 Y NORTE 82",GERTRUDIS SANCHEZ,TRADICIONAL,2773.0,0.0,2020.0,N/D,N/D,CUADRO,1,MEDIANO,NO,-99.101213,19.464084,POINT Z (-99.101212999978 19.4640839147392 0)
51,148.0,GUSTAVO A. MADERO,SALVADO DIAZ MIRON,62.0,150.0,2154813.18355,489579.2026,"NORTE 66A, ORIENTE 155 Y NORTE 66",SALVADOR DÍAZ MIRÓN,TRADICIONAL,2257.0,1964.0,56.0,N/D,N/D,CUADRO,1,CHICO,NO,-99.099303,19.487866,POINT Z (-99.0993029999574 19.4878659146329 0)
52,132.0,GUSTAVO A. MADERO,GABRIEL HERNANDEZ,69.0,214.0,2156273.45177,490026.10891,AV. CENTENARIO Y CERRITO,GABRIEL HERNANDEZ,TRADICIONAL,3925.0,1964.0,56.0,N/D,N/D,RECTANGULO,1,MEDIANO,NO,-99.095052,19.501065,POINT Z (-99.0950519999092 19.5010649146128 0)
53,163.0,GUSTAVO A. MADERO,VASCO DE QUIROGA,70.0,212.0,2155554.08375,490038.09293,BARTOLOME DE OLMEDO Y FRAY JUAN DE PADILLA,VASCO DE QUIROGA,TRADICIONAL,3300.0,1963.0,57.0,N/D,N/D,CUADRO,1,MEDIANO,NO,-99.094934,19.494564,POINT Z (-99.09493399997 19.4945639146654 0)
54,162.0,GUSTAVO A. MADERO,TRES ESTRELLAS,171.0,122.0,2152960.26882,488342.34162,"MARTIRES IRLANDESES, ENTRE JUAN AGUILAR Y LOPEZ  Y PAZ MONTES DE OCA",HEROES DEL 47,TRADICIONAL,3218.0,1962.0,58.0,N/D,N/D,RECTANGULO,1,CHICO,NO,-99.147062,19.349777,POINT Z (-99.11107799993118 19.471113914744297 0)
55,143.0,GUSTAVO A. MADERO,PROGRESO NACIONAL,73.0,274.0,2158580.78497,483336.57701,CALLE 28 ENTRE CALLE 11 Y CALLE 12,PROGRESO NACIONAL,TRADICIONAL,5238.0,1964.0,56.0,N/D,N/D,CUADRO,1,MEDIANO,NO,-99.158824,19.521872,POINT Z (-99.1588239999529 19.521871914552097 0)
56,167.0,GUSTAVO A. MADERO,VILLA COMIDAS (VIEJO),81.0,209.0,2154469.84092,488121.78582,5 DE FEBRERO ENTRE ECHEVERRIA Y PEDRO MARIA ANAYA,GUSTAVO A. MADERO,ESPECIALIZADO,2967.0,1958.0,62.0,COMIDA PREPARADA Y OTROS,COMIDA Y ABARROTES,RECTANGULO,1,MEDIANO,NO,-99.113189,19.484755,POINT Z (-99.11318899995078 19.484754914651095 0)
57,119.0,GUSTAVO A. MADERO,AMPLIACION CASAS ALEMAN,116.0,192.0,2153533.49307,491202.09704,"PUERTO TAMPICO Y PUERTO ACAPULCO, PUERTO MANZANILLO Y CDA . PUERTO ACAPULCO",AMPLIACIÓN CASAS ALEMÁN,TRADICIONAL,3345.0,1963.0,57.0,N/D,N/D,CUADRO,1,CHICO,NO,-99.083832,19.476309,POINT Z (-99.0838319999284 19.4763089147324 0)
58,138.0,GUSTAVO A. MADERO,MARTIN CARRERA,117.0,241.0,2154724.70149,488773.84151,V. GUERRERO Y JOSE J. HERRERA,MARTIN CARRERA,TRADICIONAL,3713.0,1963.0,57.0,N/D,N/D,CUADRO,1,MEDIANO,NO,-99.106977,19.487062,POINT Z (-99.1069769999726 19.4870619146704 0)
59,151.0,GUSTAVO A. MADERO,SAN JUAN DE ARAGON UNIDAD I,121.0,193.0,2151696.73663,490370.14698,AV. 517 Y 521,SAN JUAN DE ARAGÓN UNIDAD 1,TRADICIONAL,3777.0,1964.0,56.0,N/D,N/D,CUADRO,1,CHICO,NO,-99.09175,19.459706,POINT Z (-99.0917499999538 19.4597059147564 0)
60,166.0,GUSTAVO A. MADERO,VICENTE GUERRERO (NUEVA ATZACOALCO),123.0,386.0,2156325.81398,491034.83651,CALLE 314 ENTRE CALLE 311 Y 313,NUEVA ATZACOALCO,TRADICIONAL,4958.0,1963.0,57.0,N/D,N/D,CUADRO,1,MEDIANO,NO,-99.085439,19.501543,POINT Z (-99.08543899998578 19.5015429146114 0)
61,139.0,GUSTAVO A. MADERO,MAXIMINO AVILA CAMACHO,127.0,130.0,2153496.43123,485530.31079,"PPONIENTE 112, NORTE 1B Y NORTE 1C",M. AVILA CAMACHO,TRADICIONAL,2586.0,1964.0,56.0,N/D,N/D,RECTANGULO,1,CHICO,NO,-99.137876,19.475941,POINT Z (-99.137875999959 19.4759409146502 0)
62,140.0,GUSTAVO A. MADERO,PANAMERICANA,145.0,430.0,2153682.09516,484740.94886,PONIENTE 122 Y NORTE 9,PANAMERICANA,TRADICIONAL,7721.0,1963.0,57.0,N/D,N/D,CUADRO,1,MEDIANO,NO,-99.145399,19.477613,POINT Z (-99.1453989998984 19.477612914654696 0)
63,130.0,GUSTAVO A. MADERO,FERNANDO CASAS ALEMAN,156.0,222.0,2150920.15779,489789.502,"RUBLOS, CAIRO Y PESETAS",CERRO PRIETO,TRADICIONAL,3044.0,1963.0,57.0,N/D,N/D,CUADRO,1,MEDIANO,NO,-99.097278,19.452685,POINT Z (-99.09727799994387 19.4526849147654 0)
64,134.0,GUSTAVO A. MADERO,JUAN GONZALEZ ROMERO,160.0,201.0,2156867.6019,490551.39042,"AV. DE LAS FLORES Y CALLE GLORIA, ENTRE MADRE SELVA Y ALCATRAZ",GONZALEZ ROMERO,TRADICIONAL,3102.0,0.0,2020.0,N/D,N/D,CUADRO,1,MEDIANO,NO,-99.090049,19.506437,POINT Z (-99.0900489999289 19.5064369145568 0)
65,121.0,GUSTAVO A. MADERO,BONDOJITO,161.0,181.0,2152362.71906,488900.51971,HENRY FORD Y NORTE 72A,BONDOJITO,TRADICIONAL,3563.0,1964.0,56.0,N/D,N/D,CUADRO,1,CHICO,NO,-99.105756,19.465717,POINT Z (-99.1057559999668 19.4657169147037 0)
66,161.0,GUSTAVO A. MADERO,SANTA ROSA,164.0,167.0,2158882.97585,482301.02026,"CALLE 26 , ENTRE CALLE 28A Y CALZ. VALLEJO",SANTA ROSA,TRADICIONAL,2077.0,1984.0,36.0,N/D,N/D,CUADRO,1,CHICO,NO,-99.168697,19.524594,POINT Z (-99.1686969999498 19.5245939145766 0)
67,160.0,GUSTAVO A. MADERO,SANTA MARIA TICOMAN,176.0,119.0,2157963.93012,486013.49404,AV. 21 DE MARZO Y CALLE 1810,BARRIO LA LAGUNILLA,TRADICIONAL,2848.0,1964.0,56.0,N/D,N/D,CUADRO,1,CHICO,NO,-99.133305,19.516318,POINT Z (-99.1333049999515 19.5163179145471 0)
68,145.0,GUSTAVO A. MADERO,PUEBLO DE SAN JUAN DE ARAGON,185.0,64.0,2152692.21326,491161.90997,"RIO GUADALUPE, JARDIN REVOLUCION Y J. M. MORELOS",PUEBLO SAN JUAN DE ARAGÓN,TRADICIONAL,1131.0,1960.0,60.0,N/D,N/D,IRREGULAR,1,CHICO,NO,-99.084211,19.468706,POINT Z (-99.0842109999478 19.4687059147439 0)
69,149.0,GUSTAVO A. MADERO,SAN BARTOLO ATEPEHUACAN,188.0,159.0,2155249.97507,485244.40034,AV. MONTEVIDEO No 500 ENTRE CALLE LOMA Y MANDUJANO,SAN BARTOLO ATEPEHUACAN,TRADICIONAL,3140.0,1963.0,57.0,N/D,N/D,CUADRO,1,CHICO,NO,-99.140614,19.491786,POINT Z (-99.14061399992352 19.4917859146433 0)
70,158.0,GUSTAVO A. MADERO,SAN PEDRO ZACATENCO,189.0,111.0,2156780.38479,486878.54664,"LA RIOJA Y MANIZALES, ENTRE MANIZALES Y RAMIRIQUI",SAN PEDRO ZACATENCO,TRADICIONAL,3117.0,1963.0,57.0,N/D,N/D,CUADRO,1,CHICO,NO,-99.125052,19.505628,POINT Z (-99.12505199993738 19.5056279145591 0)
71,137.0,GUSTAVO A. MADERO,MAGDALENA DE LAS SALINAS (NUEVA VALLEJO),193.0,86.0,2154513.40394,484393.4566,"PONIENTE 122, ENTRE NORTE 19A NORTE 21 Y PTE 126",NUEVA VALLEJO,TRADICIONAL,984.0,1975.0,45.0,N/D,N/D,RECTANGULO,1,CHICO,NO,-99.148717,19.485123,POINT Z (-99.14871699993269 19.4851229146364 0)
72,156.0,GUSTAVO A. MADERO,SAN JUAN DE ARAGON UNIDAD 7,204.0,190.0,2152853.8937,492081.46366,"AV. 414, ENTRE 481 Y 483",SAN JUAN DE ARAGÓN UNIDAD 7,TRADICIONAL,4101.0,1964.0,56.0,N/D,N/D,CUADRO,1,CHICO,NO,-99.07545,19.470171,POINT Z (-99.07544999992359 19.4701709147167 0)
73,150.0,GUSTAVO A. MADERO,SAN FELIPE DE JESUS,205.0,269.0,2155443.46285,491966.12224,HIDALGO ENTRE TAMAZULA Y APATZINGAN,SAN FELIPE DE JESÚS,TRADICIONAL,4275.0,1968.0,52.0,"ROPA, CALZADO Y TELAS",ROPA,RECTANGULO,1,MEDIANO,NO,-99.07656,19.493573,POINT Z (-99.076559999918 19.4935729146315 0)
74,152.0,GUSTAVO A. MADERO,SAN JUAN DE ARAGON UNIDAD 2,218.0,108.0,2151060.81135,491013.95536,"AV. 506, 553 Y 549",SAN JUAN DE ARAGÓN UNIDAD 2,TRADICIONAL,5945.0,1964.0,56.0,N/D,N/D,CUADRO,1,CHICO,NO,-99.085613,19.453962,POINT Z (-99.08561299993248 19.4539619148049 0)
75,153.0,GUSTAVO A. MADERO,SAN JUAN DE ARAGON UNIDAD 3,219.0,232.0,2150820.91336,492468.93359,"AV. 606, 597 Y 595",SAN JUAN DE ARAGÓN UNIDAD 3,TRADICIONAL,3657.0,1964.0,56.0,N/D,N/D,CUADRO,1,MEDIANO,NO,-99.07175,19.4518,POINT Z (-99.07174999993002 19.4517999147892 0)
76,159.0,GUSTAVO A. MADERO,SANTA ISABEL TOLA,221.0,67.0,2156025.66675,487744.73952,CUAUHTEMOC Y CACAMA,STA. ISABEL TOLA,TRADICIONAL,1580.0,1959.0,61.0,N/D,N/D,RECTANGULO,1,CHICO,NO,-99.116792,19.498813,POINT Z (-99.11679199998241 19.4988129146373 0)
77,141.0,GUSTAVO A. MADERO,PRADERA,242.0,106.0,2153462.91792,492911.02453,MALINCHE Y POPOCATEPETL,LA PRADERA,TRADICIONAL,1967.0,1963.0,57.0,N/D,N/D,RECTANGULO,1,CHICO,NO,-99.067548,19.475678,POINT Z (-99.06754799993199 19.4756779146795 0)
78,122.0,GUSTAVO A. MADERO,CAMPESTRE ARAGON,272.0,137.0,2154596.92875,491792.59267,"CALLE ESFUERZO""A""  ESQ. CAMINO CENTRAL SUR",CAMPESTRE ARAGÓN,TRADICIONAL,2763.0,1976.0,44.0,N/D,N/D,RECTANGULO,1,CHICO,NO,-99.07821,19.485922,POINT Z (-99.0782099999374 19.4859219146801 0)
79,120.0,GUSTAVO A. MADERO,AMPLIACION GABRIEL HERNANDEZ,277.0,78.0,2156804.42607,489537.01921,EVA SAMANO DE LOPEZ MATEOS Y RODOLFO MENDEZ,AMPLIACIÓN GABRIEL HERNANDEZ,TRADICIONAL,2317.0,1982.0,38.0,N/D,N/D,RECTANGULO,1,CHICO,NO,-99.099716,19.505861,POINT Z (-99.09971599995369 19.5058609146176 0)
80,164.0,GUSTAVO A. MADERO,VEINTICINCO DE JULIO,302.0,249.0,2155727.80609,491330.34821,"EJIDO Y CANAL DE DESAGUE, ENTRE CANAL Y CUAUHTEMOC",VEINTICINCO DE JULIO,ESPECIALIZADO,3002.0,1978.0,42.0,"MUEBLES, FERRETERÍA, JACIERÍA, MIMBRE, CESTERÍA, HERRAMIENTAS, ARTÍCULOS PARA COCINA, ARTÍCULOS ESOTÉRICOS",HERRAMIENTAS,RECTANGULO,1,MEDIANO,NO,-99.08262,19.49614,POINT Z (-99.0826199999298 19.4961399146689 0)
81,157.0,GUSTAVO A. MADERO,SAN PEDRO EL CHICO,329.0,51.0,2152601.11042,489959.63605,AV.TALISMAN Y NORTE 94,SAN PEDRO EL CHICO,TRADICIONAL,1644.0,1979.0,41.0,N/D,N/D,CUADRO,1,CHICO,NO,-99.095666,19.467877,POINT Z (-99.0956659999163 19.4678769146793 0)
82,136.0,GUSTAVO A. MADERO,MA. ESTHER ZUNO DE ECHEVERRIA,330.0,90.0,2154305.57567,487708.51882,AQUILES SERDAN Y FRAY JUAN DE ZUMARRAGA,VILLA GUSTAVO A. MADERO,ESPECIALIZADO,2168.0,1976.0,44.0,COMIDA PREPARADA Y OTROS,COMIDA PREPARADA,CUADRO,1,CHICO,NO,-99.117126,19.483268,POINT Z (-99.11712599996679 19.4832679146295 0)
83,154.0,GUSTAVO A. MADERO,SAN JUAN DE ARAGON UNIDAD 4 Y 5,336.0,169.0,2151017.37584,493170.99809,CALLE 625 Y CALLE 623 ENTRE CALLE 604 Y CALLE 606,SAN JUAN DE ARAGÓN UNIDAD 4 Y 5,TRADICIONAL,5635.0,1973.0,47.0,N/D,N/D,RECTANGULO,1,CHICO,NO,-99.065062,19.453578,POINT Z (-99.06506199999302 19.453577914731895 0)
84,126.0,GUSTAVO A. MADERO,CUCHILLA DEL TESORO,338.0,128.0,2150357.48625,493972.57871,AV. CUHILLA DEL TESORO Y AV. DEL PARQUE,CUCHILLA DEL TESORO,TRADICIONAL,3533.0,1980.0,40.0,N/D,N/D,CUADRO,1,CHICO,NO,-99.057423,19.447617,POINT Z (-99.0574229999441 19.447616914809597 0)
85,155.0,GUSTAVO A. MADERO,SAN JUAN DE ARAGON UNIDAD 6,339.0,190.0,2152446.04954,493098.91096,"AV. 506, 553 Y 549",SAN JUAN DE ARAGÓN UNIDAD 6,TRADICIONAL,4403.0,1987.0,33.0,N/D,N/D,CUADRO,1,CHICO,NO,-99.065754,19.466489,POINT Z (-99.065753999952 19.4664889146971 0)
86,142.0,GUSTAVO A. MADERO,PRIMERO DE SEPTIEMBRE,354.0,244.0,2152450.48191,485872.14473,"BORODIN, CLAVE Y PUCCINI",VALLEJO,TRADICIONAL,2473.0,1981.0,39.0,N/D,N/D,RECTANGULO,1,CHICO,NO,-99.134611,19.466491,POINT Z (-99.1346109999643 19.4664909147518 0)
87,118.0,GUSTAVO A. MADERO,ALFREDO ROBLES DOMINGUEZ,366.0,61.0,2152974.18463,485758.78861,ALFREDO ROBLES DOMINGUEZ E INSURGENTES NORTE,GUADALUPE INSURGENTES,TRADICIONAL,1038.0,0.0,2020.0,N/D,N/D,CUADRO,1,CHICO,NO,-99.135695,19.471223,POINT Z (-99.13569499995789 19.4712229146801 0)
88,124.0,GUSTAVO A. MADERO,CUATRO DE FEBRERO,404.0,120.0,2156828.26732,490441.02076,RODOLFO MENDEZ Y PERIFERICO,AMPLIACION GABRIEL HERNANDEZ,TRADICIONAL,1509.0,1982.0,38.0,N/D,N/D,IRREGULAR,1,CHICO,NO,-99.091101,19.506081,POINT Z (-99.09110066658799 19.5060809145784 0)
89,125.0,GUSTAVO A. MADERO,CUAUTEPEC,405.0,74.0,2161627.29491,485008.98957,5 DE MAYO Y FRANCISCO VILLA ESQ. 18 DE MARZO,CUAUTEPEC,TRADICIONAL,5097.0,1987.0,33.0,N/D,N/D,IRREGULAR,1,CHICO,NO,-99.142908,19.549417,POINT Z (-99.1429079999118 19.5494169144818 0)
90,131.0,GUSTAVO A. MADERO,FERROPLAZA,410.0,144.0,2154135.76512,487807.99446,"CALLE ALBERTO HERRERA, ENTRE 5 DE FEBERO Y JUAN BERNARDINO",ARAGÓN LA VILLA,TRADICIONAL,4077.0,2011.0,9.0,N/D,N/D,RECTANGULO,1,MEDIANO,NO,-99.116177,19.481734,POINT Z (-99.11617699991078 19.4817339146654 0)
91,135.0,GUSTAVO A. MADERO,LINDAVISTA VALLEJO PATERA,-366.0,86.0,2156289.89128,483963.20361,AV. PONIENTE 152 ENTRE AV. 100MTS. Y VALLEJO,LINDAVISTA VALLEJO,TRADICIONAL,3728.0,1984.0,36.0,N/D,N/D,RECTANGULO,1,CHICO,NO,-99.152832,19.501174,POINT Z (-99.1528319999516 19.5011739146191 0)
92,174.0,IZTACALCO,IZTACALCO,38.0,102.0,2143947.65435,487226.65067,"CALZ. DE LA VIGA ESQ. TEZONLE, ENTRE AV. SAN MIGUEL",BARRIO LA ASUNCIÓN,TRADICIONAL,1373.0,1982.0,38.0,N/D,N/D,CUADRO,1,CHICO,NO,-99.121648,19.389658,POINT Z (-99.1216479999159 19.3896579149834 0)
93,169.0,IZTACALCO,AGRICOLA ORIENTAL,87.0,344.0,2144562.20731,492095.89076,"ORIENTE 237, SUR 16 Y SUR 12 ROJO GOMEZ",AGRÍCOLA ORIENTAL,TRADICIONAL,4085.0,1964.0,56.0,N/D,N/D,CUADRO,2,MEDIANO,NO,-99.075278,19.395237,POINT Z (-99.07527800000119 19.3952369149747 0)
94,179.0,IZTACALCO,MILITAR MARTE,-109.0,158.0,2143215.19647,486233.60846,PLAYA AZUL Y PLAYA TABACHINES,MILITAR MARTE,TRADICIONAL,2649.0,1963.0,57.0,N/D,N/D,CUADRO,1,CHICO,NO,-99.1311,19.383032,POINT Z (-99.1310999999182 19.383031915008697 0)
95,180.0,IZTACALCO,PANTITLAN CALLE 4,118.0,271.0,2146323.25178,493468.33766,"CALLE 4, ENTRE AV. NORTE Y PRIV. DE LA ESCUELA",PANTITLÁN,TRADICIONAL,4812.0,1971.0,49.0,N/D,N/D,CUADRO,1,MEDIANO,NO,-99.062213,19.411157,POINT Z (-99.0622130000115 19.411156914924096 0)
96,176.0,IZTACALCO,JUVENTINO ROSAS,134.0,208.0,2144356.98623,488862.10912,"SUR 117B ESQ. AV. DEL RECREO, ENTRE 117B Y 117",JUVENTINO ROSAS,TRADICIONAL,4093.0,1964.0,56.0,N/D,N/D,RECTANGULO,1,MEDIANO,NO,-99.106075,19.393367,POINT Z (-99.1060749999204 19.3933669149151 0)
97,171.0,IZTACALCO,BRAMADERO,135.0,278.0,2144099.9115,490052.14596,"SUR 163, OTE. 108 Y OTE. 110",RAMOS MILLAS,TRADICIONAL,3535.0,1961.0,59.0,N/D,N/D,RECTANGULO,1,MEDIANO,NO,-99.09474,19.39105,POINT Z (-99.09473999991829 19.391049914931298 0)
98,183.0,IZTACALCO,TLACOTAL,139.0,273.0,2144590.03065,489211.68882,"AV. 5, OTE. 100, ENTRE SUR 125 Y AV. 5",RAMOS MILLAN,TRADICIONAL,4216.0,1961.0,59.0,N/D,N/D,CUADRO,1,MEDIANO,NO,-99.102747,19.395475,POINT Z (-99.1027469999123 19.3954749149516 0)
99,177.0,IZTACALCO,LA CRUZ,147.0,249.0,2145350.41978,487677.33153,CALZ. COYUYA Y AV. HIDALGO,DE LA CRUZ,TRADICIONAL,3625.0,1962.0,58.0,N/D,N/D,RECTANGULO,1,MEDIANO,NO,-99.117365,19.402338,POINT Z (-99.11736499992071 19.4023379149414 0)
100,184.0,IZTACALCO,VEINTICUATRO DE DICIEMBRE,198.0,203.0,2145390.42392,493856.05951,"CALLE 7, ENTRE AV. PUEBLA Y PRIV. DEL VALLE",PANTITLÁN,TRADICIONAL,4655.0,1974.0,46.0,N/D,N/D,CUADRO,1,MEDIANO,NO,-99.058517,19.402728,POINT Z (-99.0585169999986 19.4027279148982 0)
101,182.0,IZTACALCO,SANTA ANITA,202.0,117.0,2144927.52295,486413.9293,"AV. ANDRES MOLINA ENRIQUEZ,  ENTRE SANTA ANITA Y PLUTARCO ELIAS CALLES",VIADUCTO PIEDAD,TRADICIONAL,1986.0,1964.0,56.0,N/D,N/D,CUADRO,1,CHICO,NO,-99.129395,19.398508,POINT Z (-99.12939499991698 19.3985079149351 0)
102,170.0,IZTACALCO,APATLACO,206.0,131.0,2143171.14931,487464.04977,AV. APATLACO S/N. ENTRE GALEANA Y LA VIGA,BENITO JUÁREZ,TRADICIONAL,2091.0,1967.0,53.0,N/D,N/D,RECTANGULO,1,CHICO,NO,-99.119382,19.382642,POINT Z (-99.11938199995079 19.3826419149948 0)
103,178.0,IZTACALCO,LEANDRO VALLE,212.0,197.0,2143819.92508,492960.47902,"ORIENTE 253, ENTRE  SUR 20 Y SUR 22",AMP. AGRICOLA ORIENTAL,TRADICIONAL,3912.0,1967.0,53.0,N/D,N/D,CUADRO,1,CHICO,NO,-99.067041,19.388532,POINT Z (-99.0670409999356 19.3885319149552 0)
104,173.0,IZTACALCO,EL RODEO,255.0,68.0,2144198.4358,491028.71071,ERNESTO P. URUCHURTU Y CALLE 28,EL RODEO,TRADICIONAL,1007.0,1965.0,55.0,N/D,N/D,RECTANGULO,1,CHICO,NO,-99.08544,19.391945,POINT Z (-99.08543999995699 19.3919449149642 0)
105,172.0,IZTACALCO,EJIDOS DE LA MAGDALENA MIXHUCA,334.0,104.0,2144231.3893,490632.87346,HORTALIZA Y TRIGO S/N  ENTRE THE Y OTE. 106,EJIDO MAGDALENA MIXIHUCA,TRADICIONAL,3665.0,1973.0,47.0,N/D,N/D,RECTANGULO,1,CHICO,NO,-99.08921,19.392241,POINT Z (-99.089209999926 19.3922409149823 0)
106,181.0,IZTACALCO,SAN MIGUEL IZTACALCO,345.0,90.0,2144410.4323,487994.63206,"EJE 3 OTE. FCO DEL PASO Y TRONCOSO ESQ. JULIO GARCIA, ENTRE RECREO Y BUSTAMANTE",BARRIO SAN MIGUEL,TRADICIONAL,1696.0,1979.0,41.0,N/D,N/D,RECTANGULO,1,CHICO,NO,-99.114337,19.393845,POINT Z (-99.1143369999165 19.3938449149547 0)
107,175.0,IZTACALCO,JOSE LOPEZ PORTILLO,352.0,352.0,2146386.34647,492824.25665,"AV. CENTRAL, ENTRE AV. NORTE Y EJE UNO NORTE",PANTITLÁN,TRADICIONAL,2154.0,1988.0,32.0,N/D,N/D,RECTANGULO,1,CHICO,NO,-99.068348,19.411725,POINT Z (-99.0683479999189 19.4117249148614 0)
108,190.0,IZTAPALAPA,IZTAPALAPA,39.0,200.0,2140702.57473,490415.02158,"AYUNTAMIENTO E HIDALGO, ENTRE CUAUHTEMOC Y LERDO",BARRIO SAN PABLO,TRADICIONAL,2080.0,1958.0,62.0,N/D,N/D,CUADRO,1,CHICO,NO,-99.091267,19.360349,POINT Z (-99.09126699993038 19.3603489150825 0)
109,201.0,IZTAPALAPA,SANTA MARIA AZTAHUACAN,63.0,106.0,2139523.86626,497556.20697,"AV. PALMAS No 17, ENTRE EJIDOS Y PRIMAVERA E HIDALGO",PUEBLO STA. MARIA,TRADICIONAL,2869.0,1964.0,56.0,N/D,N/D,CUADRO,1,CHICO,NO,-99.023268,19.349718,POINT Z (-99.0232679999829 19.3497179150616 0)
110,195.0,IZTAPALAPA,SAN ANDRES TETEPILCO,120.0,207.0,2142039.87674,486336.88987,"HUELTACO Y NORMANDIA, ENTRE A. MOLINA ENRIQUEZ Y EMILIANO CARRAZA",SAN ANDRÉS TETEPILCO,TRADICIONAL,3378.0,1963.0,57.0,N/D,N/D,RECTANGULO,1,MEDIANO,NO,-99.130108,19.372411,POINT Z (-99.13010799990599 19.372410915029597 0)
111,202.0,IZTAPALAPA,SECTOR POPULAR,128.0,221.0,2141622.78993,487461.29919,"SUR 101A ESQ. ALFONSO TORO, ENTRE RIO CHURUBUSCO Y SUR 101",SECTOR POPULAR,TRADICIONAL,3775.0,1965.0,55.0,N/D,N/D,CUADRO,1,MEDIANO,NO,-99.119398,19.368649,POINT Z (-99.1193979999807 19.3686489149901 0)
112,194.0,IZTAPALAPA,PROGRESO DEL SUR,129.0,135.0,2139613.30884,488516.80558,"SILOS Y GANADEROS, ENTRE GRANJEROS Y GANADEROS",PROGRESO DEL SUR,TRADICIONAL,2849.0,1965.0,55.0,N/D,N/D,CUADRO,1,CHICO,NO,-99.109335,19.350495,POINT Z (-99.1093349999447 19.3504949151263 0)
113,187.0,IZTAPALAPA,ESCUADRON 201,131.0,306.0,2140938.32671,488238.81527,"RODOLFO USIGLI, ENTRE JOSE ESPINOZA FUENTES Y FAUSTO VEGA",ESCUADRON 201,TRADICIONAL,3393.0,1961.0,59.0,N/D,N/D,CUADRO,1,MEDIANO,NO,-99.11199,19.362468,POINT Z (-99.1119899999236 19.3624679150907 0)
114,186.0,IZTAPALAPA,CULHUACAN,186.0,109.0,2138203.32359,488605.2999,"AV. TLAHUAC ESQ. AGUSTIN DE ITURVIDE, ENTRE INDEPENDENCIA Y CAL. TAZQ.",PUEBLO CULHUACAN,TRADICIONAL,1380.0,1968.0,52.0,N/D,N/D,RECTANGULO,1,CHICO,NO,-99.108484,19.337753,POINT Z (-99.10848399990049 19.3377529151657 0)
115,197.0,IZTAPALAPA,SAN JUANICO,-191.0,108.0,2142181.17104,487420.05335,"DIBUJANTE S/N ESQ. SAN JUANICO, ENTRE VICENTE GUERRERO",SAN JUANICO NEXTIPAN,TRADICIONAL,667.0,1965.0,55.0,N/D,N/D,CUADRO,1,CHICO,NO,-99.119794,19.373695,POINT Z (-99.1197944443771 19.3736949150138 0)
116,200.0,IZTAPALAPA,SANTA CRUZ MEYEHUALCO,200.0,146.0,2139120.07925,495373.72559,CALLE 55 S/N. ENTRE CALLE 4 Y CALLE 6,STA. CRUZ MEYEHUALCO,TRADICIONAL,4570.0,1953.0,67.0,N/D,N/D,CUADRO,1,CHICO,NO,-99.044047,19.346065,POINT Z (-99.0440469999354 19.3460649151001 0)
117,199.0,IZTAPALAPA,SAN LORENZO XICOTENCATL,208.0,105.0,2143248.25885,497144.03291,"ZACANI Y TRINIDAD, ENTRE ZACANI Y JUSTINA",SAN LORENZO XICOTENCATL,TRADICIONAL,2143.0,1966.0,54.0,N/D,N/D,CUADRO,1,CHICO,NO,-99.027198,19.383376,POINT Z (-99.0271979999847 19.3833759149932 0)
118,193.0,IZTAPALAPA,LA PURISIMA,213.0,121.0,2140061.93364,492189.08194,AV. HIDALGO ESQ. QUETZAL,LA PURISIMA,TRADICIONAL,8037.0,1966.0,54.0,N/D,N/D,CUADRO,1,CHICO,NO,-99.074372,19.354567,POINT Z (-99.07437199995618 19.3545669151148 0)
119,203.0,IZTAPALAPA,SIFON,223.0,156.0,2142607.21211,488371.68527,AV. ROSAL Y SANTA MARIA,MAGDALENA ATLAZOPA,TRADICIONAL,6580.0,1970.0,50.0,N/D,N/D,RECTANGULO,1,CHICO,NO,-99.110735,19.377551,POINT Z (-99.1107349999377 19.377550914978 0)
120,198.0,IZTAPALAPA,SAN LORENZO TEZONCO,226.0,196.0,2135200.3363,492441.43152,"DESPOSORIOS Y CANDELABROS, ENTRE  FCO JAVIER SALAZAR Y ECHAVE RIOJA",PUEBLO DE SAN LORENZO TEZONCO,TRADICIONAL,7966.0,1970.0,50.0,N/D,N/D,RECTANGULO,1,CHICO,NO,-99.07195,19.310632,POINT Z (-99.0719500000041 19.3106319151919 0)
121,192.0,IZTAPALAPA,JUAN DE LA BARRERA,230.0,174.0,2144224.58027,495369.672,"CORONEL BENITO S. ZENEA, ENTRE PABLO GARCIA Y JUAN ENRIQUEZ",JUAN ESCUTIA,TRADICIONAL,4865.0,1969.0,51.0,N/D,N/D,CUADRO,1,CHICO,NO,-99.044098,19.392196,POINT Z (-99.04409799998307 19.3921959149421 0)
122,189.0,IZTAPALAPA,GUADALUPE DEL MORAL,239.0,118.0,2141896.86768,491963.98558,"AGUSTIN MELGAR, ENTRE HIDALGO Y GUERRERO",GUADALUPE DEL MORAL,TRADICIONAL,2913.0,1969.0,51.0,N/D,N/D,CUADRO,1,CHICO,NO,-99.076523,19.371149,POINT Z (-99.07652299997069 19.371148914984698 0)
123,185.0,IZTAPALAPA,CONSTITUYENTES DE 1917,243.0,184.0,2139413.90065,493759.40356,"PERIFERICO S/N, ENTRE CANDICO AGUILAR Y ANTONIO HIDALGO",CONSTITUCIÓN DE 1917,TRADICIONAL,5498.0,1971.0,49.0,N/D,N/D,CUADRO,1,CHICO,NO,-99.059418,19.348716,POINT Z (-99.0594179999487 19.348715915115 0)
124,196.0,IZTAPALAPA,SAN JOSE ACULCO,246.0,121.0,2142315.01109,489214.74519,"CHURUBUSCO Y VERACRUZ, ENTRE CDA. DE VERACRUZ Y RIO CHURUBUSCO",ACULCO PUEBLO,TRADICIONAL,6693.0,1972.0,48.0,N/D,N/D,CIRCULO,2,CHICO,NO,-99.102705,19.374915,POINT Z (-99.1027049999375 19.3749149149676 0)
125,188.0,IZTAPALAPA,FRANCISCO VILLA,291.0,104.0,2138154.31799,493850.7724,FELIPE ANGELES Y RODOLFO PRIETO,FRANCISCO VILLA,TRADICIONAL,2182.0,1976.0,44.0,N/D,N/D,RECTANGULO,1,CHICO,NO,-99.058544,19.337333,POINT Z (-99.05854399999319 19.337332915166 0)
126,191.0,IZTAPALAPA,JACARANDAS,294.0,86.0,2139233.14935,494628.56807,MANLIO FABIO ALTAMIRANO ENTRE GUILLERMO GONZALEZ CAMARENA,JACARANDAS,TRADICIONAL,1713.0,1987.0,33.0,N/D,N/D,CUADRO,1,CHICO,NO,-99.051142,19.347085,POINT Z (-99.0511419999262 19.3470849150625 0)
127,207.0,MAGDALENA CONTRERAS,MAGDALENA CONTRERAS (LA LOMA),132.0,90.0,2134642.7327,474856.17385,JOSE MORENO SALIDO S/N. ENTRE PROVIDENCIA Y FRESNO,BARRANCA SECA,TRADICIONAL,1387.0,1961.0,59.0,N/D,N/D,CUADRO,1,CHICO,NO,-99.239336,19.30545,POINT Z (-99.2393359998651 19.3054499151972 0)
128,209.0,MAGDALENA CONTRERAS,TURISTICO MAGDALENA,170.0,39.0,2134320.28826,474147.3146,EMILIO CARRANZA S/N. ANDADOR EL ROSAL Y EMILIO CARRANZA,PUEBLO DE LA MAGDALENA,TURISTICO Y ESPECIALIZADO,2227.0,1960.0,60.0,COMIDA PREPARADA Y OTROS,COMIDA PREPARADA,IRREGULAR,1,CHICO,SI,-99.246079,19.302527,POINT Z (-99.2460789999017 19.3025269152663 0)
129,208.0,MAGDALENA CONTRERAS,TIHUATLAN,261.0,38.0,2136039.64403,476315.13544,TIHUATLAN S/N. ENTRE PAPALOAPAN Y 19 DE AGOSTO,SAN JERONIMO ACULCO,TRADICIONAL,813.0,1970.0,50.0,N/D,N/D,CUADRO,1,CHICO,NO,-99.225466,19.318092,POINT Z (-99.22546599985579 19.3180919152132 0)
130,205.0,MAGDALENA CONTRERAS,CERRO DEL JUDIO,-383.0,91.0,2136087.01363,474192.36868,"INDEPENDENCIA ESQ, SAN BERNABE",BARRIOS SIERRA,TRADICIONAL,1311.0,1985.0,35.0,N/D,N/D,RECTANGULO,2,CHICO,NO,-99.245674,19.318494,POINT Z (-99.24567399991028 19.3184939151528 0)
131,206.0,MAGDALENA CONTRERAS,CONTRERAS LA CRUZ,384.0,96.0,2134645.47776,475357.30069,ALVARO OBREGON S/N. ENTRE ALVARO OBREGON Y CAMINO REALLOS POLLITOS,LA CRUZ BARRIO DE LA CONCEPCION,TRADICIONAL,1601.0,1985.0,35.0,N/D,N/D,RECTANGULO,2,CHICO,NO,-99.234566,19.305481,POINT Z (-99.2345659999101 19.3054809151912 0)
132,229.0,MILPA ALTA,BENITO JUAREZ (MILPA ALTA),40.0,207.0,2122014.97109,497754.97195,"YUCATAN ESQ. CONSTITUCION, ENTRE CONSTITUCION , MICHOACAN Y QUERETARO",VILLA MILPA ALTA,TRADICIONAL,2558.0,1961.0,59.0,N/D,N/D,RECTANGULO,1,MEDIANO,NO,-99.021355,19.191483,POINT Z (-99.0213549999946 19.1914829156277 0)
133,234.0,MILPA ALTA,SAN PEDRO ATOCPAN,182.0,20.0,2123121.65564,494712.96498,"FCO. I. MADERO, ENTRE TEUTLI Y V. CARRANZA",PUEBLO SAN ATOCPAN,TRADICIONAL,648.0,1970.0,50.0,N/D,N/D,CUADRO,2,CHICO,NO,-99.050294,19.201479,POINT Z (-99.05029400001531 19.2014789155255 0)
134,235.0,MILPA ALTA,SAN SALVADOR CUAUHTENCO (DOCE DE OCTUBRE,244.0,23.0,2122094.92628,490589.94757,"AV. MORELOS S/N , ENTRE JALAPA Y GUERRERO",PUEBLO SAN SALVADOR CUAUHTENCO,TRADICIONAL,303.0,1973.0,47.0,N/D,N/D,RECTANGULO,1,CHICO,NO,-99.08951,19.192185,POINT Z (-99.089509999946 19.192184915618896 0)
135,231.0,MILPA ALTA,SAN ANTONIO TECOMITL,322.0,83.0,2124869.4213,501093.90609,AV. MORELOS Y 5 DE MAYO,PUEBLO SAN ANTONIO,TRADICIONAL,3118.0,1968.0,52.0,N/D,N/D,CUADRO,1,CHICO,NO,-98.989593,19.217281,POINT Z (-98.9895929999595 19.217280915475296 0)
136,233.0,MILPA ALTA,SAN PABLO OZTOTEPEC,323.0,74.0,2121276.12262,492491.28285,"GUERRERO, ENTRE HIDALGO Y GALEANA",PUEBLO SAN PABLO,TRADICIONAL,6447.0,1977.0,43.0,N/D,N/D,RECTANGULO,1,CHICO,NO,-99.071421,19.184793,POINT Z (-99.07142099998309 19.1847929156425 0)
137,236.0,MILPA ALTA,SANTA ANA TLACOTENCO,382.0,19.0,2120313.70141,500183.88754,CUAUHTEMOC Y FRANCISCO I. MADERO,PUEBLO SANTA ANA TLACOTENCO,TRADICIONAL,960.0,0.0,2020.0,N/D,N/D,RECTANGULO,1,CHICO,NO,-98.998251,19.176109,POINT Z (-98.99825099998542 19.1761089156732 0)
138,237.0,MILPA ALTA,VILLA MILPA ALTA (MERCADO ANTOJITOS),394.0,23.0,2122056.24334,497756.86932,QUERETARO Y YUCATAN,VILLA MILPA ALTA,ESPECIALIZADO,600.0,1961.0,59.0,COMIDA PREPARADA Y OTROS,COMIDA PREPARADA,RECTANGULO,1,CHICO,NO,-99.021337,19.191856,POINT Z (-99.0213370000245 19.19185591558 0)
139,230.0,MILPA ALTA,BENITO JUAREZ  (ANEXO),395.0,207.0,2122090.10205,497758.66065,"AV. YUCATAN ESQ. MICHOACAN S/N, ENTRE JALISCO Y MICHOACAN",VILLA MILPA ALTA,TRADICIONAL,2418.0,1961.0,59.0,N/D,N/D,RECTANGULO,1,MEDIANO,NO,-99.02132,19.192162,POINT Z (-99.0213200000187 19.192161915553495 0)
140,232.0,MILPA ALTA,SAN BARTOLOME XICOMULCO,408.0,61.0,2123552.72692,492627.926441,"AV. 5 DE MAYO ORIENTE, ENTRE MATAMOROS Y PROLONGACIÓN IGNACIO ZARAGOZA",PUEBLO SAN ANTONIO TECOMITL,TRADICIONAL,1762.0,0.0,2020.0,N/D,N/D,CUADRO,1,CHICO,NO,-99.07013,19.205368,POINT Z (-99.07012999625302 19.2053682006395 0)
141,14.0,ÁLVARO OBREGÓN,SANTA MARIA NONOALCO,31.0,106.0,2142853.93076,479732.7356,ALEJANDRO ALLORI Y FRANCISCO GIRARDON,SANTA MARÍA NONOALCO,TRADICIONAL,1616.0,1962.0,58.0,N/D,N/D,IRREGULAR,1,CHICO,NO,-99.193005,19.379712,POINT Z (-99.19300499986039 19.3797119150095 0)
142,7.0,ÁLVARO OBREGÓN,MELCHOR MUZQUIZ ZONA,43.0,327.0,2138793.54678,479914.31945,"AV. REVOLUCION, ENTRE DR. ELGUERO Y MELCHOR MUSQUIZ",SAN ANGEL,TRADICIONAL,4767.0,1958.0,62.0,N/D,N/D,RECTANGULO,1,MEDIANO,SI,-99.191233,19.343019,POINT Z (-99.19123299994689 19.343018915075497 0)
143,15.0,ÁLVARO OBREGÓN,SEIS DE ENERO DE 1915,48.0,116.0,2142025.72952,479019.70822,"AV. DEL ROSAL, ENTRE ROSA ROJA Y ROSA NEGRA",MOLINO DE ROSAS,TRADICIONAL,3136.0,1949.0,71.0,N/D,N/D,RECTANGULO,1,CHICO,NO,-99.199786,19.37222,POINT Z (-99.19978599988498 19.372219914986598 0)
144,16.0,ÁLVARO OBREGÓN,TIZAPAN,67.0,128.0,2138610.75374,479221.10294,FRONTERA Y SAN LUIS POTOSI,PROGRESO TIZAPAN,TRADICIONAL,1536.0,1958.0,62.0,COMIDA PREPARADA Y OTROS,COMIDA PREPARADA,RECTANGULO,1,CHICO,SI,-99.197831,19.34136,POINT Z (-99.19783099990659 19.3413599150945 0)
145,5.0,ÁLVARO OBREGÓN,JOSE MARIA PINO SUAREZ,82.0,200.0,2144831.78616,479207.75238,"JILGUERO Y GOLONDRINAS, ENTRE RIO TACUBAYA Y FABRICA",JOSE MARÌA PINO SUAREZ,TRADICIONAL,3129.0,1968.0,52.0,N/D,N/D,CUADRO,2,CHICO,SI,-99.198026,19.397581,POINT Z (-99.19802599986451 19.3975809149655 0)
146,8.0,ÁLVARO OBREGÓN,MELCHOR MUZQUIZ (FLORES),133.0,34.0,2139254.94146,480038.7653,"AV. REVOLUCION, ENTRE AV. DE LA PAZ Y CRACOVIA",SAN ANGEL,ESPECIALIZADO,1043.0,1958.0,62.0,"PLANTAS, FLORES Y PECES DE ORNATO",FLORES,RECTANGULO,1,CHICO,SI,-99.190053,19.34719,POINT Z (-99.1900529998751 19.347189915080797 0)
147,13.0,ÁLVARO OBREGÓN,SANTA FE,162.0,177.0,2143106.38299,474754.16044,"VASCO DE QUIROGA, ENTRE CORREGIDORA Y PRIMAVERA",SANTA FE CASCO,TRADICIONAL,1297.0,1984.0,36.0,N/D,N/D,RECTANGULO,2,CHICO,NO,-99.240419,19.381937,POINT Z (-99.24041899987289 19.381936914968698 0)
148,6.0,ÁLVARO OBREGÓN,MARIA G. GARCIA DE RUIZ,163.0,97.0,2143937.83496,477795.16761,"CAMINO ANT. A SANTA FE, ENTRE AUSTRIACOS Y ALEMANES",PARAISO,TRADICIONAL,1810.0,1964.0,56.0,N/D,N/D,RECTANGULO,1,CHICO,NO,-99.211469,19.389487,POINT Z (-99.2114689998559 19.3894869149594 0)
149,3.0,ÁLVARO OBREGÓN,CRISTO REY,173.0,118.0,2143987.11401,478779.001,"ESCUADRÓN 201,ENTRE JAVIER MARTINEZ Y CAMINO REAL A TOLUCA",CRISTO REY,TRADICIONAL,2269.0,1961.0,59.0,N/D,N/D,RECTANGULO,1,CHICO,NO,-99.2021,19.389943,POINT Z (-99.20209999985099 19.3899429149639 0)
150,10.0,ÁLVARO OBREGÓN,OLIVAR DEL CONDE,181.0,188.0,2142005.39165,477523.12351,"AGUSTIN LARA, ENTRE ERNESTO P. URUCHURTO Y AV. SANTA LUCIA",OLIVAR DEL CONDE,TRADICIONAL,3834.0,1970.0,50.0,N/D,N/D,CUADRO,1,CHICO,NO,-99.214037,19.37202,POINT Z (-99.2140369998879 19.3720199150436 0)
151,11.0,ÁLVARO OBREGÓN,PANTEON JARDIN (FLORES),234.0,14.0,2139341.64508,478157.35633,CLZDA. DEL DESIERTO DE LOS LEONES Y FLOR DE MARIA,FLOR DE MARIA,ESPECIALIZADO,188.0,1956.0,64.0,"PLANTAS, FLORES Y PECES DE ORNATO",FLORES,IRREGULAR,1,CHICO,NO,-99.207967,19.347954,POINT Z (-99.20796699987928 19.3479539151244 0)
152,12.0,ÁLVARO OBREGÓN,PUENTE COLORADO,266.0,43.0,2139257.38552,475673.91467,RIO CHICO Y  RIO NAZAS,PUENTE COLORADO,TRADICIONAL,670.0,1974.0,46.0,N/D,N/D,RECTANGULO,1,CHICO,NO,-99.231611,19.347164,POINT Z (-99.23161099987982 19.3471639151166 0)
153,2.0,ÁLVARO OBREGÓN,CORPUS CRISTY,279.0,87.0,2140823.62119,473883.50472,"SAN LUIS Y SAN FRANCISCO, ENTRE PROL. SANTA FE Y LA PAZ",CORPUS CRISTY,TRADICIONAL,1830.0,1975.0,45.0,N/D,N/D,CUADRO,1,CHICO,NO,-99.248679,19.361296,POINT Z (-99.248678999845 19.3612959150352 0)
154,9.0,ÁLVARO OBREGÓN,MOLINO DE SANTO DOMINGO,369.0,94.0,2144480.9679,478120.59866,AV. SANTA LUCIA ENTRE BALBINA Y SAN MARTIN CABALLERO,MOLINO DE SANTO DOMINGO,TRADICIONAL,2191.0,1979.0,41.0,N/D,N/D,RECTANGULO,1,CHICO,NO,-99.208376,19.394399,POINT Z (-99.20837599992079 19.394398914925695 0)
155,1.0,ÁLVARO OBREGÓN,CENTENARIO,407.0,86.0,2140744.6385,476115.73897,AV. CENTENARIO 1020 ESQ. JOSE GALVEZ MOYA,LA MARTINICA,TRADICIONAL,1360.0,2006.0,14.0,N/D,N/D,RECTANGULO,1,CHICO,NO,-99.227423,19.36061,POINT Z (-99.22742299985869 19.3606099150213 0)
156,4.0,ÁLVARO OBREGÓN,JALALPA EL GRANDE,413.0,61.0,2141601.94383,474357.51695,"AV. JALALPA NORTE S/N, ESQ. COLIPA",JALALPA,TRADICIONAL,1217.0,2012.0,8.0,N/D,N/D,IRREGULAR,1,CHICO,NO,-99.244176,19.368336,POINT Z (-99.2441759999193 19.3683359150328 0)
157,241.0,TLÁHUAC,CENTRAL DE TLAHUAC,41.0,148.0,2130545.00251,499495.72165,AV. TLAHUAC-CHALCO S/N. ENTRE EMILIANO ZAPATA Y SEVERIANO CENICEROS,SAN PEDRO TLAHUAC,TRADICIONAL,2609.0,1959.0,61.0,COMIDA PREPARADA Y OTROS,Comida,IRREGULAR,1,CHICO,NO,-99.004799,19.268574,POINT Z (-99.0047989999948 19.2685739153725 0)
158,247.0,TLÁHUAC,MIXQUIC,178.0,102.0,2125599.5686,504013.45691,"AV. INDEPENDENCIA, 20 DE NOVIEMBRE Y CANAL SECO",SAN ANDRES MIXQUIC,TURISTICO Y ESPECIALIZADO,3609.0,1984.0,36.0,COMIDA PREPARADA Y OTROS,COMIDA PREPARADA,RECTANGULO,1,CHICO,NO,-98.961816,19.223876,POINT Z (-98.9618160000005 19.2238759154563 0)
159,249.0,TLÁHUAC,SAN JUAN IXTAYOPAN,179.0,79.0,2127826.97499,500522.95534,VICENE GUERRERO Y EMILIANO ZAPATA,SAN JUAN IXTAYOPAN,TRADICIONAL,2523.0,1987.0,33.0,N/D,N/D,IRREGULAR,1,CHICO,NO,-98.995024,19.24401,POINT Z (-98.99502399998948 19.2440099154641 0)
160,256.0,TLÁHUAC,ZAPOTITLAN,192.0,67.0,2133452.32036,496145.96908,FRANCISCO JIMENEZ ENTRE EMILIANO APATA Y AV. TLAHUAC,LA CONCHITA ZAPOTITLAN,TRADICIONAL,1535.0,1976.0,44.0,N/D,N/D,RECTANGULO,1,CHICO,NO,-99.036683,19.294845,POINT Z (-99.0366829999625 19.294844915298597 0)
161,254.0,TLÁHUAC,TLALTENCO (SAN FRANCISCO),211.0,117.0,2133549.46348,498438.13989,CARLOS A. VIDAL ENTRE PLAN DE AYUTLA Y QUINTANA ROO,SAN FCO. TLALTENCO,TRADICIONAL,1616.0,1985.0,35.0,N/D,N/D,RECTANGULO,1,CHICO,NO,-99.014866,19.295726,POINT Z (-99.0148659999646 19.2957259152827 0)
162,251.0,TLÁHUAC,SANTA CECILIA,248.0,61.0,2131634.80852,499381.4317,CALLE CARLOS ESPINOSA DE LOS MONTEROSY MERCEDES CARAZA,SANTA CECILIA,TRADICIONAL,1333.0,1974.0,46.0,N/D,N/D,CUADRO,1,CHICO,NO,-99.005887,19.278423,POINT Z (-99.0058869999864 19.2784229152825 0)
163,238.0,TLÁHUAC,ABRAHAM DEL LLANO (NOPALERA),252.0,87.0,2133645.66862,494303.74698,"AMADO NERVO, EMILIANO ZAPATA E INDEPENDENCIA",LA NOPALERA,TRADICIONAL,2435.0,1980.0,40.0,N/D,N/D,RECTANGULO,1,CHICO,NO,-99.054218,19.296588,POINT Z (-99.0542179999633 19.2965879152625 0)
164,245.0,TLÁHUAC,LOS OLIVOS,253.0,94.0,2133671.38155,493516.73616,JOSE LUGO Y RUIZ CORTINEZ,LOS OLIVOS,TRADICIONAL,2500.0,1987.0,33.0,N/D,N/D,CUADRO,1,CHICO,NO,-99.061709,19.296818,POINT Z (-99.06170899998878 19.2968179152353 0)
165,246.0,TLÁHUAC,MIGUEL HIDALGO,254.0,48.0,2133300.74925,495132.59444,FCO. I. MADERO Y LUCAS MARENCIO,MIGUEL HIDALGO,TRADICIONAL,1665.0,1972.0,48.0,N/D,N/D,CUADRO,1,CHICO,NO,-99.046328,19.293473,POINT Z (-99.046327999986 19.2934729152788 0)
166,239.0,TLÁHUAC,AGRICOLA METROPOLITANA (FELIPE ASTORGA OCHOA),356.0,44.0,2132894.85883,494434.00469,"CALLE ZOYATE , ENTRE NARDO Y VIOLETA",AGRICOLA METROPOLITANA,TRADICIONAL,1038.0,1983.0,37.0,N/D,N/D,RECTANGULO,1,CHICO,NO,-99.052976,19.289803,POINT Z (-99.0529760000028 19.2898029152734 0)
167,250.0,TLÁHUAC,SANTA CATARINA,358.0,51.0,2135450.62234,503541.07942,"PIPILA, ENTRE EMILIANO ZAPATA Y CONCEPCION",SANTA CATARINA YECAHUIZOTL,TRADICIONAL,942.0,1981.0,39.0,N/D,N/D,RECTANGULO,1,CHICO,NO,-98.966292,19.312905,POINT Z (-98.96629200001472 19.3129049151885 0)
168,242.0,TLÁHUAC,DEL MAR,359.0,111.0,2132596.44734,493707.36752,"TIBURON , CAMARON Y SIRENA",DEL MAR,TRADICIONAL,2861.0,1975.0,45.0,N/D,N/D,RECTANGULO,1,CHICO,NO,-99.059891,19.287104,POINT Z (-99.05989099998841 19.2871039152597 0)
169,248.0,TLÁHUAC,SAN JOSE,371.0,48.0,2131352.64231,500411.78982,AGUSTIN LARA S/N. ENTRE JUVENTINO ROSAS Y GUADALUPE TRIGO,SAN JOSE,TRADICIONAL,2101.0,1982.0,38.0,N/D,N/D,RECTANGULO,1,CHICO,NO,-98.996081,19.275873,POINT Z (-98.9960810000167 19.275872915300596 0)
170,252.0,TLÁHUAC,SELENE,372.0,112.0,2132792.66303,499372.43523,"OCEANO DE LAS TEMPESTADES, MAR DE LAS CRISIS Y MONTES APENINOS",SELENE,TRADICIONAL,2202.0,1979.0,41.0,N/D,N/D,RECTANGULO,1,CHICO,NO,-99.005973,19.288887,POINT Z (-99.0059730000075 19.2888869152704 0)
171,243.0,MILPA ALTA,EMILIANO ZAPATA (TETELCO),373.0,24.0,2123961.66113,503140.07734,AV. MORELOS Y PUEBLA,SAN NICOLAS TETELCO,TRADICIONAL,788.0,1981.0,39.0,N/D,N/D,RECTANGULO,1,CHICO,NO,-98.970128,19.209075,POINT Z (-98.9701280000204 19.2090749154979 0)
172,255.0,TLÁHUAC,ZAPOTITLA,374.0,104.0,2135425.49121,495989.33431,SALVADOR DIAZ MIRON ESQ. CECILIO ACOSTA,ZAPOTITLA,TRADICIONAL,2058.0,1980.0,40.0,N/D,N/D,RECTANGULO,1,CHICO,NO,-99.038178,19.312677,POINT Z (-99.03817799993841 19.3126769152251 0)
173,240.0,TLÁHUAC,AMPLIACION SELENE,1001.0,71.0,2132348.61631,500523.56126,MAR DE LOS VAPORES,AMPLIACION SELENE,TRADICIONAL,1395.0,1984.0,36.0,N/D,N/D,RECTANGULO,1,CHICO,NO,-98.995017,19.284874,POINT Z (-98.99501700004258 19.2848739153092 0)
174,253.0,TLÁHUAC,TIPICO REGIONAL,1002.0,26.0,2130545.33456,499492.14894,CALZ. TULYEHUALCO Y AV. GRAL. SEVERIANO CENICEROS,SAN PEDRO TLAHUAC,ESPECIALIZADO,760.0,1981.0,39.0,COMIDA PREPARADA Y OTROS,COMIDA PREPARADA,CUADRO,1,CHICO,NO,-99.004833,19.268577,POINT Z (-99.0048330000259 19.2685769153529 0)
175,265.0,TLALPAN,LA PAZ,42.0,141.0,2132701.74428,482442.99068,PLAZA DE LA CONSTITUCION S/N. ENTRE GPE. VICTORIA Y CONGRESO,TLALPAN,TRADICIONAL Y TURISTICO,2243.0,1900.0,120.0,N/D,N/D,CUADRO,1,CHICO,SI,-99.167102,19.287989,POINT Z (-99.16710199993528 19.287988915247997 0)
176,258.0,TLALPAN,COMIDAS HUIPULCO,251.0,23.0,2134308.43735,484613.15923,"TLALPAN, SAN LORENZO Y ACUEDUCTO",HUIPULCO,ESPECIALIZADO,860.0,1988.0,32.0,COMIDA PREPARADA Y OTROS,COMIDA PREPARADA,RECTANGULO,1,CHICO,NO,-99.14646,19.302527,POINT Z (-99.1464599999705 19.3025269152063 0)
177,276.0,TLALPAN,VILLA COAPA,263.0,167.0,2133147.07293,486673.7679,AV. CANAL DE MIRAMONTES S/N. ENTRE AV. ACOXPA Y CAPORAL,VILLA COAPA,TRADICIONAL,5910.0,1975.0,45.0,COMIDA PREPARADA Y OTROS,COMIDA PREPARADA,CUADRO,1,CHICO,NO,-99.126838,19.292046,POINT Z (-99.12683799996229 19.2920459152337 0)
178,266.0,TLALPAN,LAZARO CARDENAS,265.0,72.0,2133778.0966,485403.82509,"ACOXPA Y FEDERACION MEXICANA DE FUTBOL, ENTRE LAGUNAS Y NECAXA",LAZARO CARDENAS,TRADICIONAL,2063.0,1976.0,44.0,N/D,N/D,CUADRO,2,CHICO,NO,-99.13893,19.29774,POINT Z (-99.1389299998927 19.2977399152856 0)
179,261.0,TLALPAN,FUENTES BROTANTES,267.0,26.0,2132307.3412,480940.84141,PARQUE NACIONAL Y FUENTES BROTANTES,FUENTES BROTANTES,TURISTICO Y ESPECIALIZADO,1242.0,1975.0,45.0,COMIDA PREPARADA Y OTROS,COMIDA PREPARADA,IRREGULAR,1,CHICO,NO,-99.181395,19.284411,POINT Z (-99.18139499992648 19.284410915326795 0)
180,257.0,TLALPAN,ARTESANIAS VASCO DE QUIROGA,274.0,132.0,2133510.84872,480571.54155,INSURGENTES Y CAMINO A STA TERESA,PEÑA POBRE,ESPECIALIZADO,14901.0,1970.0,50.0,"MUEBLES, FERRETERÍA, JACIERÍA, MIMBRE, CESTERÍA, HERRAMIENTAS, ARTÍCULOS PARA COCINA, ARTÍCULOS ESOTÉRICOS",MUEBLES,IRREGULAR,3,CHICO,NO,-99.184922,19.295284,POINT Z (-99.1849219999327 19.2952839152602 0)
181,263.0,TLALPAN,ISIDRO FABELA,282.0,60.0,2134085.52709,481358.424,PRIMERA NORTE Y 4A PONIENTE,ISIDRO FABELA,TRADICIONAL,2219.0,1976.0,44.0,N/D,N/D,RECTANGULO,1,CHICO,NO,-99.177438,19.300485,POINT Z (-99.17743799989461 19.3004849152081 0)
182,270.0,TLALPAN,SAN ANDRES TOTOLTEPEC,285.0,51.0,2128666.71136,481891.792,16 DE SEPTIEMBRE S/N. ENTRE REFORMA Y RIVAPALACIO,SAN ANDRES TOTOLTEPEC,TRADICIONAL,1017.0,1975.0,45.0,N/D,N/D,RECTANGULO,1,CHICO,NO,-99.17231,19.251518,POINT Z (-99.17230999989019 19.2515179153999 0)
183,260.0,TLALPAN,FLORES SAN FERNANDO,286.0,76.0,2132891.58147,482952.53762,"CALZ. DE TALPAN , ENTRE SAN FRANCISCO Y ALLENDE",TLALPAN,ESPECIALIZADO,1870.0,1976.0,44.0,"PLANTAS, FLORES Y PECES DE ORNATO",FLORES,IRREGULAR,1,CHICO,NO,-99.162254,19.289709,POINT Z (-99.16225399996259 19.2897089152487 0)
184,246.0,TLALPAN,MIGUEL HIDALGO,289.0,72.0,2132668.43287,480593.23297,CORREGIDORA S/N Y MICHOACAN,MIGUEL HIDALGO,TRADICIONAL,1485.0,1972.0,48.0,N/D,N/D,CUADRO,1,CHICO,NO,-99.184707,19.287671,POINT Z (-99.1847069999256 19.2876709153284 0)
185,273.0,TLALPAN,TORRES DE PADIERNA,320.0,58.0,2132083.54657,476020.68026,"TIXPEHUATL TIXKOKOB, ENTRE SEYE Y SACALUM",ORRES DE PADIERNA,TRADICIONAL,882.0,1988.0,32.0,N/D,N/D,RECTANGULO,2,CHICO,NO,-99.228219,19.282336,POINT Z (-99.2282194443299 19.2823359153184 0)
186,271.0,TLALPAN,SAN NICOLAS TOTOLAPAN,350.0,32.0,2133144.19035,475162.4735,"KANTUNIL S/N. , ENTRE SINACHE Y CHEMAX",PEDREGAL DE SAN NICOLAS,TRADICIONAL,453.0,1982.0,38.0,N/D,N/D,CUADRO,1,CHICO,NO,-99.236401,19.291911,POINT Z (-99.236400999855 19.2919109152745 0)
187,264.0,TLALPAN,JOSE MARIA MORELOS Y PAVON,391.0,56.0,2133782.58416,487557.16953,"CDA. DON REFUGIO Y CACAHUATALES, ENTRE TENORIOS Y CALZ. DEL HUESO",TENORIOS,TRADICIONAL,440.0,1986.0,34.0,N/D,N/D,RECTANGULO,1,CHICO,NO,-99.118434,19.297795,POINT Z (-99.11843399989418 19.2977949152292 0)
188,269.0,TLALPAN,PLAZA MEXICANA DEL SUR,392.0,79.0,2134089.86319,484656.88956,"ACOXPA C/ESQ. CALZ. DE TLALPAN, ENTRE ACOXPA Y CALZ. DE TLALPAN",SAN LORENZO HUIPULCO,TRADICIONAL,1658.0,2011.0,9.0,N/D,N/D,RECTANGULO,1,CHICO,NO,-99.146042,19.300552,POINT Z (-99.146041999959 19.3005519152727 0)
189,262.0,TLALPAN,HUESO PERIFERICO,393.0,102.0,2133974.84925,489191.61937,"CALZADA DEL HUESO 1079, ENTRE FRESALES Y CANAL NACIONAL",GRANJAS COAPA,TRADICIONAL,2227.0,1986.0,34.0,COMIDA PREPARADA Y OTROS,COMIDA PREPARADA,RECTANGULO,1,CHICO,NO,-99.102878,19.299542,POINT Z (-99.10287799994141 19.2995419152278 0)
190,204.0,IZTAPALAPA,VEINTICUATRO DE FEBRERO,316.0,124.0,2131231.92554,476307.62262,10 DE AGOSTO DE 1860 Y 24 DE ABRIL ENTRE BATALLA DE PASO OVEJAS,LEYES DE REFORMA,TRADICIONAL,2892.0,1984.0,36.0,N/D,N/D,CUADRO,1,CHICO,NO,-99.225478,19.274643,POINT Z (-99.2254779999132 19.2746429153042 0)
191,259.0,TLALPAN,DR. Y GRAL JOSE GONZALEZ VARELA,256.0,58.0,2130193.39065,482206.97739,"CALLE DEL ROSAL, ENTRE 5 DE MAYO Y AZUCENA",SAN PEDRO MARTIR,TRADICIONAL,4038.0,1974.0,46.0,N/D,N/D,CUADRO,1,CHICO,NO,-99.169325,19.265318,POINT Z (-99.16932499992 19.2653179153687 0)
192,272.0,TLALPAN,TLALCOLIGIA,406.0,70.0,2131274.26508,481950.91012,TEPEHUANOS Y OTOMIES,TLALCOLIGIA,TRADICIONAL,915.0,1986.0,34.0,N/D,N/D,CUADRO,2,CHICO,NO,-99.171772,19.275084,POINT Z (-99.17177199995129 19.2750839153515 0)
193,268.0,TLALPAN,MIRADOR,1011.0,90.0,2133480.5739,476240.4676,"POPOLNAH ESQ. BEKAL, ENTRE BEKAL Y TEKIT",LOMAS DE PADIERNA,TRADICIONAL,2421.0,1976.0,44.0,N/D,N/D,CUADRO,1,CHICO,NO,-99.226145,19.294964,POINT Z (-99.22614499990638 19.2949639152646 0)
194,275.0,TLALPAN,VEINTIUNO DE ABRIL,1012.0,65.0,2130852.83406,476477.04296,"HOPELCHE, XITLE E IZAMAL",RINCON DEL MIRADOR,TRADICIONAL,1218.0,1988.0,32.0,N/D,N/D,CUADRO,1,CHICO,NO,-99.223861,19.271219,POINT Z (-99.2238609999202 19.2712189153359 0)
195,329.0,XOCHIMILCO,XOCHIMILCO ZONA (XOCHITL),44.0,447.0,2129858.25124,489066.02018,"AV.MORELOS , ENTRE FCO. I MADERO Y 16 DE SEPTIEMBRE",XOCHIMILCO,TRADICIONAL,9175.0,1957.0,63.0,COMIDA PREPARADA Y OTROS,COMIDA Y CARNICOS,CUADRO,1,MEDIANO,NO,-99.10405,19.262338,POINT Z (-99.10404999993361 19.2623379153694 0)
196,323.0,XOCHIMILCO,NATIVITAS,115.0,296.0,2128562.38446,490092.09282,EMBARCADERO Y MERCADO,NATIVITAS,TURISTICO Y ESPECIALIZADO,3208.0,1960.0,60.0,"ARTESANÍA, JUGUETES, BISUTERÍA",ARTESANIAS Y COMIDA,RECTANGULO,1,MEDIANO,NO,-99.094279,19.250632,POINT Z (-99.09427899994192 19.2506319153693 0)
197,327.0,XOCHIMILCO,TULYEHUALCO,146.0,118.0,2129010.19607,498796.20873,ZARAGOZA Y DIVISION DEL NORTE,PUEBLO DE TULYEHUALCO,TRADICIONAL,1454.0,1982.0,38.0,N/D,N/D,CUADRO,1,CHICO,NO,-99.011455,19.254703,POINT Z (-99.0114549999761 19.2547029153957 0)
198,324.0,XOCHIMILCO,SAN GREGORIO ATLAPULCO,190.0,136.0,2129058.18137,493962.03737,"CUAUHTEMOC, INSURGENTES Y PLAZA PRINCIPAL",SAN GREGORIO ATLAPULCO,TRADICIONAL,1792.0,1986.0,34.0,N/D,N/D,CUADRO,1,CHICO,NO,-99.057456,19.255128,POINT Z (-99.05745599995439 19.2551279153919 0)
199,328.0,XOCHIMILCO,XOCHIMILCO ANEXO,377.0,968.0,2129705.23737,489038.29118,AV. MORELOS No 60 ESQ. 16 DE SEPT. ENTRE NETZAHUALCOYOTL Y FCO. I MADERO,XOCHIMILCO,TRADICIONAL,8437.0,1957.0,63.0,COMIDA PREPARADA Y OTROS,COMIDA Y PLANTAS,RECTANGULO,1,GRANDE,NO,-99.104313,19.260955,POINT Z (-99.1043129999542 19.2609549153565 0)
200,325.0,XOCHIMILCO,SANTA CRUZ ACALPIXCA,378.0,50.0,2128057.2798,492100.80203,AV. MEXICO Y PEDRO BENAVIDES,STA. CRUZ ACALPIXCA,TRADICIONAL,380.0,1986.0,34.0,N/D,N/D,RECTANGULO,1,CHICO,NO,-99.075163,19.246076,POINT Z (-99.07516299996169 19.2460759154337 0)
201,320.0,XOCHIMILCO,AMPLIACION SAN MARCOS,379.0,91.0,2130595.80666,488078.39676,TEPOZANES 56,AMP. SAN MARCOS NORTE,TRADICIONAL,1563.0,1986.0,34.0,N/D,N/D,CUADRO,2,CHICO,NO,-99.113453,19.268998,POINT Z (-99.1134529999518 19.268997915352 0)
202,322.0,XOCHIMILCO,GUADALUPE I. RAMIREZ,380.0,25.0,2130052.19605,488926.69135,GUADALUPE I. RAMIREZ Y PEDRO RAMIREZ DEL CASTILLO,BARRIO SAN JUAN,ESPECIALIZADO,350.0,1979.0,41.0,COMIDA PREPARADA Y OTROS,COMIDA PREPARADA,RECTANGULO,1,CHICO,NO,-99.105377,19.26409,POINT Z (-99.1053769999163 19.2640899153828 0)
203,326.0,XOCHIMILCO,TIERRA NUEVA,-381.0,74.0,2130044.39211,487803.34952,18 DE MARZO Y AV. MEXICO,TIERRA NUEVA,TRADICIONAL,2573.0,1988.0,32.0,N/D,N/D,RECTANGULO,1,CHICO,NO,-99.116067,19.264013,POINT Z (-99.1160669999829 19.2640129153729 0)
204,321.0,XOCHIMILCO,AMPLIACION TEPEPAN,-382.0,60.0,2130304.86316,485959.13238,AV. LAS TORRES Y CAMINO REAL AL AJUSCO,AMPLIACION TEPEPAN,TRADICIONAL,1088.0,1988.0,32.0,N/D,N/D,RECTANGULO,1,CHICO,NO,-99.133619,19.266355,POINT Z (-99.13361899995859 19.266354915328 0)
205,319.0,XOCHIMILCO,AHUALAPA,383.0,33.0,2128172.4808,492596.99889,"CUAUHTEMOC, INSURGENTES Y PLAZA PRINCIPAL",STA. CRUZ ACALPIXCA,TRADICIONAL,634.0,1979.0,41.0,N/D,N/D,RECTANGULO,1,CHICO,NO,-99.070442,19.247119,POINT Z (-99.07044199994068 19.247118915424696 0)
206,36.0,BENITO JUÁREZ,ALAMOS,27.0,269.0,2144941.57726,484876.36336,"BOLIVAR, ENTRE CADIZ, GALICIA Y SEGOVIA",ALAMOS,TRADICIONAL,4016.0,1966.0,54.0,N/D,N/D,CUADRO,1,MEDIANO,NO,-99.144039,19.398624,POINT Z (-99.1440389999152 19.3986239149026 0)
207,39.0,BENITO JUÁREZ,LAGO,29.0,103.0,2142964.98722,485414.56239,"ELISA, ENTRE DON JUAN Y DON LUIS",NATIVITAS,TRADICIONAL,1088.0,1947.0,73.0,N/D,N/D,RECTANGULO,2,CHICO,NO,-99.138898,19.380765,POINT Z (-99.13889799995428 19.3807649149516 0)
208,43.0,BENITO JUÁREZ,PORTALES ZONA,30.0,599.0,2141965.19498,484928.80227,"CALZ. SANTA CRUZ, ENTRE 5 DE FEBRERO Y LIBERTAD",PORTALES,TRADICIONAL,8710.0,1957.0,63.0,COMIDA PREPARADA Y OTROS,COMIDA PREPARADA,CUADRO,1,MEDIANO,SI,-99.143516,19.371726,POINT Z (-99.1435159999179 19.371725915016498 0)
209,51.0,BENITO JUÁREZ,VEINTICUATRO DE AGOSTO,47.0,265.0,2144001.93748,483455.2095,"ANAXAGORAS, ENTRE LUZ SAVIÑON Y TORRES ADALID",NARVARTE,TRADICIONAL,3998.0,1962.0,58.0,COMIDA PREPARADA Y OTROS,COMIDA PREPARADA,RECTANGULO,1,MEDIANO,NO,-99.157566,19.390121,POINT Z (-99.1575659998904 19.3901209149804 0)
210,46.0,BENITO JUÁREZ,PRIMERO DE DICIEMBRE,49.0,244.0,2145005.61124,483765.34152,"YACATAS, UXMAL Y CDA. UXMAL",NARVARTE,TRADICIONAL,3346.0,1955.0,65.0,"ABARROTES, CARNÍCOS, PESCADOS Y MARISCOS, FRUTAS, VERDURAS, SEMILLAS Y DULCES",PESCADOS Y MARISCOS PREPARADOS,RECTANGULO,1,MEDIANO,NO,-99.154621,19.399194,POINT Z (-99.15462099994639 19.3991939149627 0)
211,38.0,BENITO JUÁREZ,LA MODERNA,59.0,181.0,2144442.45944,485928.46597,"JORGE WASHINGTON S/N., ENTRE JESUS URUETA Y HORACIO NELSON",LA MODERNA,TRADICIONAL,2436.0,1963.0,57.0,N/D,N/D,CUADRO,1,CHICO,NO,-99.134015,19.394121,POINT Z (-99.1340149999639 19.394120914979 0)
212,41.0,BENITO JUÁREZ,MIXCOAC,76.0,476.0,2142100.86764,480196.58004,"AV. REVOLUCION, ENTRE TIZIANO Y MOLINOS",MIXCOAC,TRADICIONAL,8253.0,1953.0,67.0,"ABARROTES, CARNÍCOS, PESCADOS Y MARISCOS, FRUTAS, VERDURAS, SEMILLAS Y DULCES",PESCADOS Y MARISCOS PREPARADOS,RECTANGULO,1,MEDIANO,NO,-99.18858,19.372911,POINT Z (-99.18857999991529 19.3729109150291 0)
213,40.0,BENITO JUÁREZ,LAZARO CARDENAS(DEL VALLE),90.0,440.0,2144613.7014,482550.36121,"PEDRO ROMERO DE TERREROS ESQ. ADOLFO PRIETO, ENTRE MIER Y PESADO Y AV. COYOACAN",DEL VALLE,TRADICIONAL,7687.0,1956.0,64.0,N/D,N/D,IRREGULAR,1,MEDIANO,NO,-99.166189,19.395642,POINT Z (-99.16618899987128 19.395641914949 0)
214,47.0,BENITO JUÁREZ,SAN PEDRO DE LOS PINOS,97.0,192.0,2144195.61746,480730.28142,"AV. 2, ENTRE CALLE 7 Y CALLE 9",SAN PEDRO DE LOS PINOS,TRADICIONAL,5832.0,1957.0,63.0,"ABARROTES, CARNÍCOS, PESCADOS Y MARISCOS, FRUTAS, VERDURAS, SEMILLAS Y DULCES",PESCADOS Y MARISCOS PREPARADOS,CUADRO,1,CHICO,SI,-99.183519,19.391847,POINT Z (-99.18351899994767 19.3918469149439 0)
215,45.0,BENITO JUÁREZ,POSTAL ZONA,111.0,247.0,2143921.8224,484849.78635,"AHORRO POSTAL No 345, ENTRE CASTILLA Y TUY",AHORRO POSTAL,TRADICIONAL,2807.0,1958.0,62.0,N/D,N/D,RECTANGULO,1,MEDIANO,NO,-99.144284,19.389408,POINT Z (-99.14428399989272 19.3894079149978 0)
216,44.0,BENITO JUÁREZ,POSTAL ANEXO,112.0,49.0,2143893.57,484892.81401,AHORRO POSTAL ENTRE CASTILLA Y LERIDA,AHORRO POSTAL,ESPECIALIZADO,821.0,1958.0,62.0,"ROPA, CALZADO Y TELAS",ROPA Y BONETERIA,CUADRO,1,CHICO,NO,-99.143874,19.389153,POINT Z (-99.143873999963 19.3891529149436 0)
217,37.0,BENITO JUÁREZ,INDEPENDENCIA,113.0,226.0,2142892.07022,484221.49713,"ZEMPOALA, ENTRE ANGEL URRAZA Y SERAFIN OLARTE",INDEPENDENCIA,TRADICIONAL,2973.0,1958.0,62.0,N/D,N/D,RECTANGULO,1,MEDIANO,NO,-99.150259,19.380097,POINT Z (-99.1502589999583 19.3800969150079 0)
218,49.0,BENITO JUÁREZ,SANTA MARIA NATIVITAS,119.0,97.0,2143780.12323,484532.03138,EJE CENTRALY AV. NIÑOS HEROES,NIÑOS HEROES DE CHAPULTEPEC,TRADICIONAL,1304.0,1962.0,58.0,N/D,N/D,CUADRO,1,CHICO,NO,-99.147309,19.388125,POINT Z (-99.14730899989858 19.3881249149619 0)
219,50.0,BENITO JUÁREZ,TLACOQUEMECATL,122.0,109.0,2142553.95474,481706.18951,"PATRICIO SANZ, ENTRE MIGUEL LAURENT Y SAN FRANCISCO",DEL VALLE,TRADICIONAL,1671.0,1964.0,56.0,COMIDA PREPARADA Y OTROS,COMIDA PREPARADA,CUADRO,1,CHICO,NO,-99.174209,19.37702,POINT Z (-99.17420899986429 19.3770199150374 0)
220,48.0,BENITO JUÁREZ,SANTA CRUZ ATOYAC,175.0,101.0,2141801.26955,483100.66476,"AV. CUAUHTEMOC, ENTRE CJON. MISERICORDIA Y TENAYUCA",SANTA CRUZ ATOYAC,TRADICIONAL,1778.0,1966.0,54.0,COMIDA PREPARADA Y OTROS,COMIDA PREPARADA,CUADRO,1,CHICO,NO,-99.160923,19.37023,POINT Z (-99.16092299990306 19.3702299149861 0)
221,42.0,BENITO JUÁREZ,PORTALES ANEXO,201.0,125.0,2142078.00265,484865.57276,LIBERTAD Y MONTES DE OCA,PORTALES,ESPECIALIZADO,5122.0,1951.0,69.0,"MUEBLES, FERRETERÍA, JACIERÍA, MIMBRE, CESTERÍA, HERRAMIENTAS, ARTÍCULOS PARA COCINA, ARTÍCULOS ESOTÉRICOS",FERRETERIA Y ACCESORIOS PARA BAÑO,CUADRO,1,CHICO,SI,-99.144119,19.372745,POINT Z (-99.1441189999664 19.3727449149849 0)
222,93.0,CUAUHTÉMOC,LAGUNILLA ROPA Y TELAS,1.0,1043.0,2149869.85126,485690.41945,"COMONFORT, ECUADOR Y ALLENDE",CENTRO,ESPECIALIZADO,16714.0,1957.0,63.0,"ROPA, CALZADO Y TELAS",ROPA Y TELAS,RECTANGULO,1,GRANDE,SI,-99.136323,19.443168,POINT Z (-99.1363229998832 19.443167914838696 0)
223,96.0,CUAUHTÉMOC,LAGUNILLA ZONA,2.0,573.0,2149964.87551,485865.37118,COMONFORT Y RAYON,CENTRO,TRADICIONAL,7388.0,1957.0,63.0,N/D,N/D,RECTANGULO,1,MEDIANO,SI,-99.134657,19.444028,POINT Z (-99.1346569998966 19.4440279147917 0)
224,95.0,CUAUHTÉMOC,LAGUNILLA VARIOS,3.0,344.0,2149723.81268,485660.1776,ALLENDE ESQ. JUAN ALVAREZ,CENTRO,ESPECIALIZADO,4625.0,1957.0,63.0,"MUEBLES, FERRETERÍA, JACIERÍA, MIMBRE, CESTERÍA, HERRAMIENTAS, ARTÍCULOS PARA COCINA, ARTÍCULOS ESOTÉRICOS","MUEBLES, CANDILES",RECTANGULO,2,MEDIANO,SI,-99.13661,19.441848,POINT Z (-99.1366099999747 19.4418479147983 0)
225,94.0,CUAUHTÉMOC,LAGUNILLA SAN CAMILITO,4.0,75.0,2149738.51183,485405.95388,"ECUADOR, HONDURAS, SAN CAMILITO",CENTRO,ESPECIALIZADO,3552.0,1957.0,63.0,COMIDA PREPARADA Y OTROS,COMIDA PREPARADA,RECTANGULO,1,CHICO,SI,-99.139032,19.441979,POINT Z (-99.1390319999039 19.4419789148328 0)
226,97.0,CUAUHTÉMOC,MARTINEZ DE LA TORRE (ANEXO),5.0,339.0,2150125.35422,484738.99132,ZARCO Y EJE 1 NORTE,GUERRERO,ESPECIALIZADO,5204.0,1957.0,63.0,"ROPA, CALZADO Y TELAS",ROPA,CUADRO,1,MEDIANO,NO,-99.145389,19.44547,POINT Z (-99.145388999938 19.4454699147809 0)
227,107.0,CUAUHTÉMOC,SAN COSME,6.0,533.0,2149723.60443,482968.3436,"RIBERA DE SAN COSME Y GABINO BARREDA, ENTRE ALTAMIRANO Y ICAZBALETA",SAN RAFAEL,TRADICIONAL,7286.0,1963.0,57.0,COMIDA PREPARADA Y OTROS,"COMIDA, ROPA Y FLORES",CUADRO,2,MEDIANO,SI,-99.162254,19.441825,POINT Z (-99.16225399995967 19.44182491477 0)
228,98.0,CUAUHTÉMOC,MARTINEZ DE LA TORRE (ZONA),7.0,600.0,2150096.7089,484853.90615,"EJE UNO NORTE MOSQUETA Y DEGOLLADO, ENTRE ZARCO Y SOTO",GUERRERO,TRADICIONAL,9921.0,1957.0,63.0,COMIDA PREPARADA Y OTROS,COMIDA PREPARADA,RECTANGULO,1,MEDIANO,NO,-99.144294,19.445212,POINT Z (-99.14429399995029 19.445211914769096 0)
229,91.0,CUAUHTÉMOC,JUAREZ,8.0,454.0,2147987.26568,483772.00514,"AV. CHAPULTEPEC,ENTRE TURIN Y ABRAHAM GONZALEZ",JUÁREZ,TRADICIONAL,6662.0,1957.0,63.0,COMIDA PREPARADA Y OTROS,COMIDA PREPARADA Y CARNICOS,IRREGULAR,1,MEDIANO,SI,-99.154583,19.42614,POINT Z (-99.1545829998932 19.4261399148196 0)
230,113.0,CUAUHTÉMOC,SAN LUCAS,9.0,254.0,2147852.88026,486237.34389,"ESCUELA MEDICO MILITAR, CJON. DEL HORMIGUERO Y CJON. DE SAN MGUEL",CENTRO,TRADICIONAL,2586.0,1956.0,64.0,COMIDA PREPARADA Y OTROS,COMIDA PREPARADA,CUADRO,2,MEDIANO,NO,-99.131098,19.424944,POINT Z (-99.13109799988712 19.4249439148728 0)
231,85.0,CUAUHTÉMOC,DOS DE ABRIL,10.0,128.0,2149344.69621,485134.49445,PENSADOR MEXICANO Y 2 DE ABRIL,CENTRO,TRADICIONAL,2137.0,1912.0,108.0,COMIDA PREPARADA Y OTROS,COMIDA PREPARADA,CUADRO,1,CHICO,SI,-99.141615,19.438418,POINT Z (-99.14161499993098 19.4384179148397 0)
232,89.0,CUAUHTÉMOC,INSURGENTES,13.0,225.0,2147788.5996,482627.43295,"LONDRES 154, ENTRE AMBERES Y FLORENCIA",JUÁREZ,TURISTICO Y ESPECIALIZADO,2096.0,1955.0,65.0,"ARTESANÍA, JUGUETES, BISUTERÍA",ARTESANIAS Y COMIDA,IRREGULAR,2,MEDIANO,NO,-99.165484,19.424335,POINT Z (-99.1654839999306 19.424334914871896 0)
233,117.0,CUAUHTÉMOC,TEPITO ZONA,14.0,522.0,2150228.76131,486621.75498,"TOLTECAS, BARTOLOME DE LAS CASAS Y MATAMOROS",MORELOS,TRADICIONAL,5009.0,1957.0,63.0,N/D,N/D,CUADRO,1,MEDIANO,NO,-99.127453,19.446418,POINT Z (-99.1274529998925 19.4464179148073 0)
234,80.0,CUAUHTÉMOC,ABELARDO L. RODRIGUEZ (ZONA),16.0,246.0,2149212.33859,486568.62127,"REP. DE VENEZUELA No 42, ENTRE RODRIGUEZ PUEBLA Y EL CARMEN",CENTRO,TRADICIONAL Y TURISTICO,12450.0,1933.0,87.0,N/D,N/D,CUADRO,2,MEDIANO,SI,-99.127952,19.437232,POINT Z (-99.1279519999272 19.437231914799195 0)
235,81.0,CUAUHTÉMOC,BEETHOVEN,17.0,792.0,2151666.57926,486344.99646,"BEETHOVEN, ADELINA PATT Y MOZART",EXHIPODROMO DE PERALVILLO,TRADICIONAL,12507.0,1958.0,62.0,COMIDA PREPARADA Y OTROS,"COMIDA, ARREGLOS DE FRUTA Y FLORES",RECTANGULO,1,GRANDE,NO,-99.1301,19.45941,POINT Z (-99.1300999999056 19.4594099147699 0)
236,88.0,CUAUHTÉMOC,HIDALGO ZONA,18.0,975.0,2146626.45067,484661.49689,"DR. BARRAGAN, ENTRE DR. BALMIS Y DR. ARCE",DOCTORES,TRADICIONAL,20227.0,1956.0,64.0,COMIDA PREPARADA Y OTROS,COMIDA PREPARADA,CUADRO,1,GRANDE,NO,-99.146099,19.413849,POINT Z (-99.14609899996279 19.4138489149008 0)
237,92.0,CUAUHTÉMOC,LA DALIA,19.0,421.0,2150872.75011,483196.35648,"FRESNO No 225, ENTRE MANUEL CARPIO Y ELIGIO ANCONA",SANTA MARIA LA RIBERA,TRADICIONAL,5639.0,1958.0,62.0,N/D,N/D,CUADRO,1,MEDIANO,NO,-99.160092,19.452212,POINT Z (-99.1600919998741 19.452211914723698 0)
238,99.0,CUAUHTÉMOC,MELCHOR OCAMPO,20.0,517.0,2146247.33381,482834.35741,"CAMPECHE, ENTRE MEDELLIN Y MONTERREY",ROMA,TRADICIONAL,9800.0,1964.0,56.0,COMIDA PREPARADA Y OTROS,COMIDA Y ARREGLO DE FRUTAS,RECTANGULO,2,MEDIANO,NO,-99.163499,19.410408,POINT Z (-99.1634989999253 19.4104079149097 0)
239,109.0,CUAUHTÉMOC,SAN JOAQUIN ZONA (PERALVILLO),22.0,477.0,2152030.28142,485377.15875,"ERNESTO ELORDUY, ENTRE LIZT Y SHUBERT",PERALVILLO,TRADICIONAL,5500.0,1958.0,62.0,N/D,N/D,CUADRO,1,MEDIANO,NO,-99.139324,19.46269,POINT Z (-99.1393239998839 19.4626899147492 0)
240,114.0,CUAUHTÉMOC,TEPITO FIERROS VIEJOS,23.0,661.0,2150316.14676,486514.33472,"TENOCHTITLAN , MATAMOROS Y TOLTECAS",MORELOS,ESPECIALIZADO,6587.0,1956.0,64.0,"ROPA, CALZADO Y TELAS","ROPA, CALZADO DEPORTIVO Y ARTICULOS USADOS",RECTANGULO,1,GRANDE,NO,-99.128477,19.447207,POINT Z (-99.12847699994352 19.4472069147458 0)
241,102.0,CUAUHTÉMOC,MORELIA,24.0,156.0,2146041.98235,484272.95594,DR. VERTIZ Y FEDERICO GOMEZ SANTOS,DOCTORES,TRADICIONAL,3296.0,1958.0,62.0,N/D,N/D,RECTANGULO,1,CHICO,NO,-99.149795,19.408564,POINT Z (-99.1497949999327 19.4085639148696 0)
242,82.0,CUAUHTÉMOC,BUGAMBILIA,28.0,201.0,2151022.32588,483957.15407,"BUGAMBILIA, MARIANO AZUELA Y FLORES MAGON",SANTA MARIA LA RIBERA,TRADICIONAL,2671.0,1964.0,56.0,N/D,N/D,RECTANGULO,1,MEDIANO,NO,-99.152845,19.45357,POINT Z (-99.1528449999245 19.4535699147901 0)
243,116.0,CUAUHTÉMOC,TEPITO VARIOS,36.0,562.0,2150306.87321,486634.51369,"MATAMOROS, TOLTECAS Y RIVERO",MORELOS,ESPECIALIZADO,4494.0,1957.0,63.0,"ROPA, CALZADO Y TELAS","CALZADO, REPARACIÓN DE ELECTRODOMESTICOS Y DE RELOJES",CUADRO,1,MEDIANO,NO,-99.127332,19.447124,POINT Z (-99.12733199995611 19.4471239148274 0)
244,115.0,CUAUHTÉMOC,TEPITO ROPA Y TELAS (granaditas),60.0,709.0,2149811.96321,486428.61878,"EJE 1 NORTE Y AZTECAS, ENTRE ARGENTINA Y COSTA RICA",MORELOS,ESPECIALIZADO,7796.0,1957.0,63.0,"ROPA, CALZADO Y TELAS",CALZADO,RECTANGULO,1,GRANDE,SI,-99.12929,19.44265,POINT Z (-99.1292899999642 19.442649914783797 0)
245,106.0,CUAUHTÉMOC,PEQUEÑO COMERCIO,66.0,84.0,2147479.1109,485718.014833,5 DE FEBRERO No 161 Y DIAGONAL 20 DE NOVIEMBRE,OBRERA,ESPECIALIZADO,2829.0,1952.0,68.0,COMIDA PREPARADA Y OTROS,COMIDA PREPARADA,IRREGULAR,1,CHICO,NO,-99.136042,19.421562,POINT Z (-99.1360421160401 19.421562431411 0)
246,103.0,CUAUHTÉMOC,PALACIO DE LAS FLORES,74.0,133.0,2148389.04133,484667.19047,LUIS MOYA Y ERNESTO PUGIBET,CENTRO,TURISTICO Y ESPECIALIZADO,1233.0,1970.0,50.0,"PLANTAS, FLORES Y PECES DE ORNATO",FLORES,RECTANGULO,2,CHICO,SI,-99.146059,19.429778,POINT Z (-99.1460589999637 19.4297779148449 0)
247,112.0,CUAUHTÉMOC,SAN JUAN PUGIBET,77.0,361.0,2148417.46134,484819.53607,"ENRNESTO PUGIBET, ENTRE LUIS MOYA Y BUEN TONO",CENTRO,TRADICIONAL,4713.0,1955.0,65.0,"ABARROTES, CARNÍCOS, PESCADOS Y MARISCOS, FRUTAS, VERDURAS, SEMILLAS Y DULCES",PESCADOS Y MARISCOS,RECTANGULO,1,MEDIANO,SI,-99.144608,19.430036,POINT Z (-99.14460799988062 19.4300359148201 0)
248,110.0,CUAUHTÉMOC,SAN JUAN ARCOS DE BELEM,78.0,399.0,2148127.59438,485031.34944,"ARCOS DE BELEM Y LOPEZ, ENTRE EJE CENTRAL  Y LOPEZ",CENTRO,TRADICIONAL,4527.0,1955.0,65.0,N/D,N/D,CUADRO,1,MEDIANO,NO,-99.142588,19.427418,POINT Z (-99.1425879999691 19.4274179148053 0)
249,79.0,CUAUHTÉMOC,ABELARDO L. RODRIGUEZ (CORONAS),83.0,151.0,2149276.98667,486532.97889,"RODRIGUEZ PUEBLA,COLOMBIA Y CALLEJON DE GIRON",CENTRO,ESPECIALIZADO,4150.0,1955.0,65.0,"ARTESANÍA, JUGUETES, BISUTERÍA",BISUTERIA Y JUGUETES,CIRCULO,1,CHICO,SI,-99.128292,19.437816,POINT Z (-99.1282919999385 19.4378159148041 0)
250,111.0,CUAUHTÉMOC,SAN JUAN CURIOSIDADES,86.0,176.0,2148432.70862,484979.42855,"AYUNTAMIENTO,  ARANDA Y BUEN TONO",CENTRO,TURISTICO Y ESPECIALIZADO,3670.0,1970.0,50.0,"ARTESANÍA, JUGUETES, BISUTERÍA",ARTESANIAS Y COMIDA,CUADRO,3,CHICO,SI,-99.143085,19.430175,POINT Z (-99.14308499991058 19.4301749148556 0)
251,87.0,CUAUHTÉMOC,HIDALGO ANEXO,91.0,428.0,2146720.91657,484699.16222,"DR. BARRAGAN, ENTRE DR. BALMIS Y DR. OLVERA",DOCTORES,ESPECIALIZADO,6838.0,1956.0,64.0,"MUEBLES, FERRETERÍA, JACIERÍA, MIMBRE, CESTERÍA, HERRAMIENTAS, ARTÍCULOS PARA COCINA, ARTÍCULOS ESOTÉRICOS",FERRETERIA Y ACCESORIOS PARA BAÑO,CUADRO,1,MEDIANO,NO,-99.145741,19.414703,POINT Z (-99.1457409999253 19.4147029148611 0)
252,90.0,CUAUHTÉMOC,ISABEL LA CATOLICA,96.0,165.0,2145869.21658,485372.17383,"ISABEL LA CATOLICA S/N, ENTRE HERNANDEZ DAVALOS Y EJE 3 SUR  PEON CONTRERAS",ALGARIN,TRADICIONAL,2308.0,1957.0,63.0,N/D,N/D,RECTANGULO,1,CHICO,NO,-99.139324,19.407011,POINT Z (-99.139323999889 19.4070109148879 0)
253,84.0,CUAUHTÉMOC,CUAUHTEMOC,98.0,85.0,2148380.73709,482480.50877,"LERMA, TIGRIS Y DANUBIO",CUAUHTEMOC,TRADICIONAL,682.0,1958.0,62.0,N/D,N/D,CUADRO,1,CHICO,NO,-99.166889,19.429685,POINT Z (-99.1668889999316 19.4296849148326 0)
254,100.0,CUAUHTÉMOC,MERCED MIXCALCO,108.0,920.0,2148896.64661,486867.14278,CIRCUNVALACION S/N ENTRE MIXCALCO Y GUATEMALA,CENTRO,ESPECIALIZADO,11230.0,1958.0,62.0,"ROPA, CALZADO Y TELAS",ROPA,CUADRO,1,GRANDE,NO,-99.125106,19.434381,POINT Z (-99.12510599990729 19.4343809148364 0)
255,108.0,CUAUHTÉMOC,SAN JOAQUIN (ANEXO),110.0,275.0,2151951.36355,485404.06859,"ELORDUY,SCHUBERT Y LIZT",PERALVILLO,ESPECIALIZADO,3919.0,1958.0,62.0,"ROPA, CALZADO Y TELAS",ROPA Y CALZADO,CUADRO,1,MEDIANO,NO,-99.139067,19.461977,POINT Z (-99.139066999888 19.4619769147682 0)
256,86.0,CUAUHTÉMOC,FRANCISCO SARABIA,114.0,119.0,2151506.94135,485587.91213,"MASCAGNI,ROSSINI Y BACH",EXHIPODROMO DE PERALVILLO,TRADICIONAL,2582.0,1943.0,77.0,N/D,N/D,RECTANGULO,1,CHICO,NO,-99.137312,19.457962,POINT Z (-99.1373119998926 19.4579619147737 0)
257,101.0,CUAUHTÉMOC,MICHOACAN,153.0,35.0,2146350.15198,481683.6701,"TAMAULIPAS Y MICHOACAN, ENTRE VICENTE SUAREZ Y ATLIXCO",HIPODROMO CONDESA,TRADICIONAL,672.0,1941.0,79.0,COMIDA PREPARADA Y OTROS,COMIDA PREPARADA,IRREGULAR,1,CHICO,SI,-99.17446,19.411327,POINT Z (-99.1744599998693 19.4113269148812 0)
258,105.0,CUAUHTÉMOC,PAULINO  NAVARRO,216.0,110.0,2146473.37397,486523.017,CALZ. DE LA VIGA Y AV. DEL TALLER,PAULINO NAVARRO,TRADICIONAL,908.0,1980.0,40.0,N/D,N/D,RECTANGULO,2,CHICO,NO,-99.128367,19.412479,POINT Z (-99.1283669999274 19.4124789149093 0)
259,212.0,MIGUEL HIDALGO,ANAHUAC ZONA,11.0,412.0,2149605.9873,482157.75845,"TLALOC Y ATZAYACATL, ENTRE NETZAHUALPILLI Y TONATZIN",TLAXPANA,TRADICIONAL,6586.0,1957.0,63.0,N/D,N/D,RECTANGULO,1,MEDIANO,NO,-99.169975,19.440755,POINT Z (-99.1699749999209 19.4407549147708 0)
260,226.0,MIGUEL HIDALGO,TACUBA,32.0,1231.0,2151528.19574,480408.7308,CAL. MEXICO TACUBA YGOLFO DE MEXICO,PUEBLO DE TACUBA,TRADICIONAL,13474.0,1956.0,64.0,"ROPA, CALZADO Y TELAS","ROPA, COMIDA Y ABARROTES",CUADRO,1,GRANDE,NO,-99.186657,19.45811,POINT Z (-99.1866569999088 19.4581099147571 0)
261,227.0,MIGUEL HIDALGO,TACUBAYA,33.0,512.0,2144951.23882,480345.22026,HEROES DE 1810 Y BECERRA,TACUBAYA,TRADICIONAL,7667.0,1958.0,62.0,N/D,N/D,RECTANGULO,3,MEDIANO,NO,-99.187194,19.398672,POINT Z (-99.1871939998737 19.3986719149719 0)
262,216.0,MIGUEL HIDALGO,GRANADA,55.0,148.0,2149726.30817,479806.45516,LAGO YURIRIA Y RIO SAN JOAQUIN,GRANADA,TRADICIONAL,3522.0,1962.0,58.0,COMIDA PREPARADA Y OTROS,COMIDA PREPARADA,CUADRO,1,CHICO,NO,-99.192376,19.44182,POINT Z (-99.19237599994419 19.4418199147763 0)
263,211.0,MIGUEL HIDALGO,ANAHUAC ANEXO,72.0,280.0,2149549.25765,482121.69757,"TLALOC Y ATZAYACATL, ENTRE TIZOC  Y TONATZIN",TLAXPANA,ESPECIALIZADO,4392.0,1962.0,58.0,"ROPA, CALZADO Y TELAS",ROPA Y ZAPATOS,CUADRO,1,MEDIANO,SI,-99.170318,19.440242,POINT Z (-99.1703179998651 19.4402419148108 0)
264,221.0,MIGUEL HIDALGO,PLUTARCO ELIAS CALLES       (EL CHORRITO),75.0,361.0,2146270.69381,480018.7699,"MELCHOR MUZQUIZ Y JOSE CEBALOS, ENTRE PARQUE LIRA Y CDA. GOB. IGANCIO ESTEVA",SAN MIGUEL CHAPULTEPEC,TRADICIONAL,4102.0,1958.0,62.0,N/D,N/D,IRREGULAR,1,MEDIANO,NO,-99.190317,19.410593,POINT Z (-99.19031699988379 19.4105929148584 0)
265,220.0,MIGUEL HIDALGO,MONTE ATHOS,79.0,63.0,2147232.18636,477455.38389,"MONTE ATHOS No  375, ESQ. EVEREST",LOMAS DE CHAPULTEPEC,TRADICIONAL,496.0,1959.0,61.0,"PLANTAS, FLORES Y PECES DE ORNATO",FLORES,RECTANGULO,1,CHICO,SI,-99.214744,19.419255,POINT Z (-99.21474399991581 19.419254914838998 0)
266,214.0,MIGUEL HIDALGO,DIECIOCHO DE MARZO,85.0,335.0,2150326.6367,479581.34407,"CALLE 69 Y AV. 4, ENTRE 65 Y 67",PUEBLA,TRADICIONAL,4800.0,1963.0,57.0,N/D,N/D,CUADRO,1,MEDIANO,NO,-99.082984,19.410297,POINT Z (-99.19452699990532 19.447242914779 0)
267,218.0,MIGUEL HIDALGO,LAGO GARDA,93.0,319.0,2150636.80887,480473.3663,"LAGO GARDA, LAGO CONSTANZA Y LAGO MAYOR",ANAHUAC,TRADICIONAL,4936.0,1955.0,65.0,N/D,N/D,CUADRO,1,MEDIANO,NO,-99.186032,19.450055,POINT Z (-99.1860319998681 19.450054914763097 0)
268,228.0,MIGUEL HIDALGO,ZACATITO,94.0,182.0,2151515.35319,478194.81192,"SANCTORUM Y CJON. DE ZACATITO, ENTRE RIO YAPURA Y TLACOTALPAN",ARGENTINA PONIENTE,TRADICIONAL,1775.0,1964.0,56.0,N/D,N/D,CUADRO,1,CHICO,NO,-99.20775,19.457971,POINT Z (-99.2077499999366 19.4579709147886 0)
269,213.0,MIGUEL HIDALGO,ARGENTINA,95.0,964.0,2150919.64043,478804.66076,ATTLAN Y LAGO VIEDMA S/N. ENTRE LEGARIA Y VIEDMA,ARGENTINA,TRADICIONAL,15768.0,1961.0,59.0,"ROPA, CALZADO Y TELAS","ROPA, TELAS Y CALZADO",RECTANGULO,1,GRANDE,NO,-99.201933,19.452594,POINT Z (-99.2019329998804 19.4525939147354 0)
270,215.0,MIGUEL HIDALGO,ESCANDON,99.0,249.0,2145391.99131,481372.44153,"MARTI, COMERCIO Y AGRICULTURA",ESCANDON,TRADICIONAL,4089.0,1957.0,63.0,N/D,N/D,CUADRO,1,MEDIANO,NO,-99.177415,19.402665,POINT Z (-99.177414999882 19.4026649149682 0)
271,217.0,MIGUEL HIDALGO,ING. GONZALO PEÑA MANTEROLA (CARTAGENA),100.0,700.0,2145409.97982,480167.22728,LUIS RUIZ Y ERASMO CAYETANO Q.,TACUBAYA,TRADICIONAL,8906.0,1960.0,60.0,"ROPA, CALZADO Y TELAS","ROPA,MALETAS, MOCHILAS Y COMIDA",RECTANGULO,1,GRANDE,NO,-99.188894,19.402816,POINT Z (-99.1888939998622 19.4028159149353 0)
272,210.0,MIGUEL HIDALGO,AMERICA,124.0,307.0,2145643.90896,478793.12114,"SUR 128,CORONEL CAMACHO Y GENERAL TOLA",AMERICA,TRADICIONAL,4124.0,1952.0,68.0,N/D,N/D,CUADRO,1,MEDIANO,NO,-99.201984,19.404916,POINT Z (-99.20198399993859 19.404915914896 0)
273,219.0,MIGUEL HIDALGO,LAGO GASCASONICA,151.0,374.0,2151896.5047,479858.21148,LAGO GASCASONICA Y LAGO ESCLAVOS,HUICHAPAN,TRADICIONAL,5174.0,1961.0,59.0,N/D,N/D,RECTANGULO,1,MEDIANO,NO,-99.191906,19.461433,POINT Z (-99.19190599991738 19.4614329147134 0)
274,222.0,MIGUEL HIDALGO,PRADO NORTE,172.0,122.0,2148127.29581,477697.42641,PRADO NORTE Y EXPLANADA,LOMAS DE CHAPULTEPEC,TRADICIONAL,2135.0,1964.0,56.0,"PLANTAS, FLORES Y PECES DE ORNATO",FLORES,CUADRO,1,CHICO,NO,-99.212449,19.427347,POINT Z (-99.21244899987559 19.4273469148737 0)
275,223.0,MIGUEL HIDALGO,PRADO SUR,196.0,23.0,2147495.49886,478030.07229,MONTE ATHOS Y PRADO SUR 145,LOMAS DE CHAPULTEPEC,TRADICIONAL,727.0,1948.0,72.0,"PLANTAS, FLORES Y PECES DE ORNATO",PLANTAS Y FLORES,CUADRO,1,CHICO,SI,-99.209273,19.421641,POINT Z (-99.2092729999217 19.4216409148873 0)
276,225.0,MIGUEL HIDALGO,SAN ISIDRO ZONA,232.0,51.0,2148405.02798,476824.46165,AV. STA ROSA ENTRE   CALLE 11 Y CALLE 12,REFORMA SOCIAL,TRADICIONAL,508.0,1962.0,58.0,N/D,N/D,CUADRO,1,CHICO,NO,-99.220768,19.429847,POINT Z (-99.2207679998417 19.429846914816896 0)
277,224.0,MIGUEL HIDALGO,SAN ISIDRO ANEXO,233.0,38.0,2148391.20643,476730.38404,ACUEDUCTO Y SIERRA SANTA ROSA,REFORMA SOCIAL,ESPECIALIZADO,720.0,1962.0,58.0,SERVICIOS,SERVICIOS,CUADRO,1,CHICO,NO,-99.221664,19.429721,POINT Z (-99.2216639998883 19.4297209148214 0)
278,289.0,VENUSTIANO CARRANZA,JAMAICA ZONA,15.0,562.0,2146041.95408,487108.43831,CONGRESO DE LA UNION ENTRE MORELOS Y LA VIGA,JAMAICA,TRADICIONAL,14709.0,1967.0,53.0,N/D,N/D,CUADRO,1,MEDIANO,SI,-99.122788,19.408584,POINT Z (-99.12278799991869 19.408583914930496 0)
279,303.0,VENUSTIANO CARRANZA,MOCTEZUMA,21.0,526.0,2148657.72762,489812.47271,OTE.154 Y OTE.158 ENTRE NORTE 25 Y NORTE 21,MOCTEZUMA 2A SECCION,TRADICIONAL,6699.0,1961.0,59.0,N/D,N/D,CUADRO,1,MEDIANO,NO,-99.097047,19.432239,POINT Z (-99.097046999952 19.4322389147931 0)
280,316.0,VENUSTIANO CARRANZA,UNIDAD RASTRO,25.0,717.0,2150738.31345,488391.60371,ING. EDUARDO MOLINA ENTRE ALUMINIO Y ESTAÑO,FELIPE ANGELES,TRADICIONAL,9000.0,1963.0,57.0,N/D,N/D,CUADRO,1,GRANDE,NO,-99.110595,19.451034,POINT Z (-99.1105949999394 19.4510339147807 0)
281,311.0,VENUSTIANO CARRANZA,ROMERO RUBIO,26.0,639.0,2149959.03795,489569.05124,"CANTON, ENTRE MARRUECOS Y PERSIA",ROMERO RUBIO,TRADICIONAL,10584.0,1962.0,58.0,N/D,N/D,CUADRO,1,GRANDE,NO,-99.099373,19.443998,POINT Z (-99.0993729999838 19.443997914763 0)
282,293.0,VENUSTIANO CARRANZA,MERCED AMPUDIA,52.0,151.0,2148100.94741,486855.64701,AV. ANILLO DE CIRCUNVALACION No 4 y CJON. CARRETONES,MERCED CENTRO,ESPECIALIZADO,1320.0,1949.0,71.0,"ABARROTES, CARNÍCOS, PESCADOS Y MARISCOS, FRUTAS, VERDURAS, SEMILLAS Y DULCES",DULCES,RECTANGULO,1,CHICO,SI,-99.12521,19.42719,POINT Z (-99.1252099999695 19.4271899148727 0)
283,287.0,VENUSTIANO CARRANZA,JAMAICA COMIDAS,65.0,66.0,2145835.99804,487151.86323,CONGRESO DE LA UNION Y GUILLERMO PRIETO,JAMAICA,ESPECIALIZADO,3201.0,1958.0,62.0,COMIDA PREPARADA Y OTROS,COMIDA PREPARADA,RECTANGULO,1,CHICO,SI,-99.122373,19.406723,POINT Z (-99.1223729999551 19.4067229148841 0)
284,310.0,VENUSTIANO CARRANZA,PUEBLA,85.0,281.0,2146229.00866,491287.57041,"CALLE 69 Y AV. 4, ENTRE 65 Y 67",PUEBLA,TRADICIONAL,4800.0,1963.0,57.0,N/D,N/D,CUADRO,1,MEDIANO,NO,-99.082984,19.410297,POINT Z (-99.08298399996852 19.4102969149142 0)
285,299.0,VENUSTIANO CARRANZA,MERCED NAVE MENOR,101.0,647.0,2147912.42437,487121.52864,ROSARIO Y ADOLFO GURRION,MERCED CENTRO,ESPECIALIZADO,7600.0,1957.0,63.0,"ABARROTES, CARNÍCOS, PESCADOS Y MARISCOS, FRUTAS, VERDURAS, SEMILLAS Y DULCES","CARNICOS, LACTEOS Y EMBUTIDOS",RECTANGULO,1,GRANDE,SI,-99.122676,19.425488,POINT Z (-99.12267599992498 19.4254879148229 0)
286,298.0,VENUSTIANO CARRANZA,MERCED NAVE MAYOR,102.0,4200.0,2147989.74565,487002.22225,ROSARIO Y ABRAHAM OLVERA,MERCED CENTRO,TRADICIONAL,40000.0,1957.0,63.0,"ABARROTES, CARNÍCOS, PESCADOS Y MARISCOS, FRUTAS, VERDURAS, SEMILLAS Y DULCES","FRUTAS, VERDURAS, SEMILLAS Y ABARROTES",RECTANGULO,1,GRANDE,SI,-99.123813,19.426186,POINT Z (-99.1238129999762 19.426185914854997 0)
287,296.0,VENUSTIANO CARRANZA,MERCED COMIDAS,104.0,218.0,2148112.93878,487106.34456,"CALLE ROSARIO 120, ENTRE GRAL. ANAYA Y CARRETONES",MERCED CENTRO,ESPECIALIZADO,4200.0,1957.0,63.0,COMIDA PREPARADA Y OTROS,COMIDA PREPARADA,CUADRO,1,MEDIANO,SI,-99.122822,19.4273,POINT Z (-99.1228219999249 19.4272999148909 0)
288,297.0,VENUSTIANO CARRANZA,MERCED FLORES,105.0,110.0,2147976.6731,486870.46376,ANILLO DE CIRCUNVALACION S/N. ENTRE PLAZA CARRIZALES Y RAYON,MERCED CENTRO,ESPECIALIZADO,3200.0,1957.0,63.0,"PLANTAS, FLORES Y PECES DE ORNATO",FLORES,CUADRO,1,CHICO,SI,-99.125068,19.426067,POINT Z (-99.1250679999001 19.42606691489 0)
289,294.0,VENUSTIANO CARRANZA,MERCED ANEXO,106.0,186.0,2147798.62299,486883.03713,ADOLFO GURRION ESQ. CABAÑAS,MERCED CENTRO,ESPECIALIZADO,3520.0,1957.0,63.0,"MUEBLES, FERRETERÍA, JACIERÍA, MIMBRE, CESTERÍA, HERRAMIENTAS, ARTÍCULOS PARA COCINA, ARTÍCULOS ESOTÉRICOS","FERRETERIA, ARTICULOS DE MADERA Y LAMINA PARA COCINA",CUADRO,1,CHICO,SI,-99.124947,19.424458,POINT Z (-99.124946999901 19.4244579148155 0)
290,313.0,VENUSTIANO CARRANZA,SONORA,107.0,407.0,2147555.05186,486915.50983,SAN NICOLAS S/N. ENTRE CALLE FRAY SERVANDO T. DE MIER Y CALLE  CANAL,MERCED BALBUENA,ESPECIALIZADO,4900.0,1957.0,63.0,"ARTESANÍA, JUGUETES, BISUTERÍA","CERAMICA, JUGUETES Y ANIMALES VIVOS",CUADRO,1,MEDIANO,NO,-99.124636,19.422257,POINT Z (-99.1246359999701 19.4222569148326 0)
291,314.0,VENUSTIANO CARRANZA,SONORA ANEXO,-108.0,271.0,2147494.95259,486935.72792,SAN NICOLAS S/N. ENTRE CALLE FRAY SERVANDO T. DE MIER Y CALLE  CANAL,MERCED BALBUENA,ESPECIALIZADO,3060.0,1957.0,63.0,"MUEBLES, FERRETERÍA, JACIERÍA, MIMBRE, CESTERÍA, HERRAMIENTAS, ARTÍCULOS PARA COCINA, ARTÍCULOS ESOTÉRICOS","HERBOLARIA, ARTICULOS ESOTERICOS Y JARCIERIA",IRREGULAR,1,MEDIANO,NO,-99.124443,19.421714,POINT Z (-99.1244429999205 19.4217139148435 0)
292,278.0,VENUSTIANO CARRANZA,ALVARO OBREGON,140.0,211.0,2146349.54016,487625.93713,"CUCURPE Y ROA BARCENAS, ENTRE AGIABANPO Y BACUM",ALVARO OBREGON,TRADICIONAL,2680.0,1963.0,57.0,N/D,N/D,CUADRO,1,MEDIANO,NO,-99.117861,19.411367,POINT Z (-99.11786099992797 19.4113669148934 0)
293,286.0,VENUSTIANO CARRANZA,IGNACIO ZARAGOZA,148.0,428.0,2146477.76328,490398.96739,"AV.8, ENTRE CALLE 35 Y CALLE 39",IGNACIO ZARAGOZA,TRADICIONAL,6900.0,1962.0,58.0,N/D,N/D,CUADRO,1,MEDIANO,NO,-99.091449,19.412541,POINT Z (-99.09144899996 19.41254091491 0)
294,307.0,VENUSTIANO CARRANZA,PENSADOR MEXICANO,150.0,156.0,2149953.13276,490870.43819,"NORTE 172 S/N. NORTE 174, ENTRE BOLIVARES Y CIRC. INTERIOR RIO CONSULADO",PENSADOR MEXICANO,TRADICIONAL,3220.0,1964.0,56.0,N/D,N/D,CUADRO,1,CHICO,NO,-99.086975,19.443951,POINT Z (-99.0869749999462 19.4439509147831 0)
295,290.0,VENUSTIANO CARRANZA,JARDIN BALBUENA,159.0,133.0,2146829.63969,489407.24719,"RET.27 DE GENAO GARCIA, ENTRE RET.27 Y RET.29",JARDIN BALBUENA,TRADICIONAL,1670.0,1957.0,63.0,N/D,N/D,RECTANGULO,1,CHICO,SI,-99.100897,19.415716,POINT Z (-99.10089699998478 19.415715914884796 0)
296,304.0,VENUSTIANO CARRANZA,MORELOS,165.0,912.0,2149499.28197,487954.13034,ING. EDUARDO MOLINA ENTRE HERREROS Y HORTELANOS,MORELOS,TRADICIONAL,11550.0,1960.0,60.0,N/D,N/D,IRREGULAR,1,GRANDE,NO,-99.114755,19.439834,POINT Z (-99.11475499996108 19.4398339148452 0)
297,318.0,VENUSTIANO CARRANZA,VEINTE DE ABRIL,174.0,272.0,2148146.98826,489749.61789,ORIENTE 168 ENTRE ORIENTE 170 Y NORTE 13,MOCTEZUMA 1A SECCION,TRADICIONAL,5600.0,1987.0,33.0,N/D,N/D,CUADRO,2,MEDIANO,NO,-99.097643,19.427623,POINT Z (-99.0976429999304 19.427622914881 0)
298,285.0,VENUSTIANO CARRANZA,FEDERAL,183.0,103.0,2147347.71348,490616.21864,"AV. UNIVERSIDAD NACIONAL, ENTRE SUPREMA CORTE DE JUSTICIA Y EDUCACION PUBLICA",FEDERAL,TRADICIONAL,1400.0,1962.0,58.0,COMIDA PREPARADA Y OTROS,COMIDA PREPARADA,CUADRO,1,CHICO,NO,-99.089384,19.420404,POINT Z (-99.0893839999082 19.4204039148416 0)
299,281.0,VENUSTIANO CARRANZA,AVIACION CIVIL,187.0,124.0,2146661.51393,491841.37419,HORACIO RUIZ Y LINDBERGH,AVIACION CIVIL,TRADICIONAL,1750.0,1964.0,56.0,N/D,N/D,CUADRO,1,CHICO,NO,-99.077711,19.414208,POINT Z (-99.0777109999816 19.4142079149074 0)
300,279.0,VENUSTIANO CARRANZA,AQUILES SERDAN,197.0,222.0,2150305.08117,490309.46937,"PEQUIN Y PUERTO ARTURO, ENTRE DINARES Y ESTERLINAS",AQUILES SERDAN,TRADICIONAL,3264.0,1966.0,54.0,N/D,N/D,CUADRO,1,MEDIANO,NO,-99.092321,19.447129,POINT Z (-99.0923209999584 19.4471289147945 0)
301,284.0,VENUSTIANO CARRANZA,EMILIO CARRANZA,203.0,126.0,2149784.05456,487537.06906,IMPRENTA Y JARDINEROS,MORELOS,TRADICIONAL,1680.0,1981.0,39.0,N/D,N/D,CUADRO,1,CHICO,NO,-99.11873,19.442405,POINT Z (-99.1187299999107 19.4424049148151 0)
302,277.0,VENUSTIANO CARRANZA,ADOLFO LOPEZ MATEOS,209.0,211.0,2147436.41062,492361.49109,EDUARDO BUSTAMANTE Y ERNESTO P. URUCHURTU,ADOLFO LOPEZ MATEOS,TRADICIONAL,2560.0,1969.0,51.0,N/D,N/D,RECTANGULO,1,MEDIANO,NO,-99.07276,19.421213,POINT Z (-99.0727599999829 19.4212129148573 0)
303,309.0,VENUSTIANO CARRANZA,PLAN DE AYALA CARACOL,214.0,96.0,2148194.79771,492698.58052,IGNCIO ZARAGOZA Y FRANCISCO VILLA,CARACOL,TRADICIONAL,1560.0,1970.0,50.0,N/D,N/D,CUADRO,1,CHICO,NO,-99.069552,19.428068,POINT Z (-99.0695519999884 19.4280679147984 0)
304,288.0,VENUSTIANO CARRANZA,JAMAICA NUEVO,235.0,1312.0,2145949.68968,487080.12999,"CONGRESO DE LA UNION, ENTRE GUILLERMO PRIETO Y MORELOS",JAMAICA,ESPECIALIZADO,34226.0,1957.0,63.0,"PLANTAS, FLORES Y PECES DE ORNATO",FLORES,CUADRO,1,GRANDE,NO,-99.123057,19.40775,POINT Z (-99.12305699996548 19.4077499148954 0)
305,306.0,VENUSTIANO CARRANZA,PANTITLAN ARENAL,238.0,143.0,2147689.37328,493166.38104,AV. CIRCUNVALACION Y ERNESTO P. URUCHURTU,PANTITLAN,TRADICIONAL,2360.0,1965.0,55.0,N/D,N/D,RECTANGULO,1,CHICO,NO,-99.065094,19.423502,POINT Z (-99.0650939999473 19.423501914855695 0)
306,315.0,VENUSTIANO CARRANZA,UNIDAD KENNEDY,240.0,182.0,2147820.69889,488596.12065,"RET. 5 DE ZARAGOZA, ENTRE CECILIO ROBELO Y RIBERA CAMBAS",JARDIN BALBUENA,TRADICIONAL,2940.0,1970.0,50.0,N/D,N/D,RECTANGULO,1,CHICO,NO,-99.108629,19.424668,POINT Z (-99.10862899994548 19.4246679148681 0)
307,317.0,VENUSTIANO CARRANZA,VALLE GOMEZ,245.0,203.0,2151633.73918,487218.85297,"RIO CONZULADO , ENTRE PROAÑO Y POZOS",VALLE GOMEZ,TRADICIONAL,4620.0,1972.0,48.0,N/D,N/D,CIRCULO,2,MEDIANO,NO,-99.121774,19.459119,POINT Z (-99.1217739999172 19.4591189147012 0)
308,282.0,VENUSTIANO CARRANZA,CALZADO LA CENTRAL,264.0,172.0,2150732.13604,488191.32975,CDA. AVIADERO ENTRE ALUMINIO Y ESTAÑO,FELIPE ANGELES,ESPECIALIZADO,2380.0,1974.0,46.0,"ROPA, CALZADO Y TELAS",CALZADO,RECTANGULO,1,CHICO,NO,-99.112503,19.450977,POINT Z (-99.11250299996138 19.4509769147361 0)
309,312.0,VENUSTIANO CARRANZA,SANTA JUANITA,278.0,107.0,2150046.89203,488658.61598,"OFICIOS, ENTRE ELECTRICISTAS Y GRABADOS",20 DE NOVIEMBRE,TRADICIONAL,1590.0,1980.0,40.0,N/D,N/D,RECTANGULO,1,CHICO,NO,-99.108047,19.444787,POINT Z (-99.1080469999051 19.4447869147882 0)
310,280.0,VENUSTIANO CARRANZA,ARENAL 4a SECCION,283.0,199.0,2148221.95853,494072.12018,XOCHITLAN NORTE Y XOCHITLAN SUR,ARENAL 4A SECCION,TRADICIONAL,1780.0,1981.0,39.0,N/D,N/D,CUADRO,1,CHICO,NO,-99.056468,19.428318,POINT Z (-99.05646799996877 19.4283179148216 0)
311,308.0,VENUSTIANO CARRANZA,PEÑON DE LOS BAÑOS,346.0,101.0,2149472.90472,491077.82726,MATAMOROS Y CHIMALHUACAN,PEÑON DE LOS BAÑOS,TRADICIONAL,1180.0,1985.0,35.0,N/D,N/D,CUADRO,1,CHICO,NO,-99.084997,19.439612,POINT Z (-99.0849969999449 19.4396119148026 0)
312,291.0,VENUSTIANO CARRANZA,LIC. OCTAVIO SENTIES,381.0,40.0,2150057.72013,488684.02484,"FLORICULTURA Y ELECTRICISTAS, ENTRE GRABADOS Y OFICIOS",20 DE NOVIEMBRE,TRADICIONAL,1375.0,1974.0,46.0,N/D,N/D,CUADRO,1,CHICO,NO,-99.107805,19.444885,POINT Z (-99.10780499992919 19.4448849148248 0)
313,302.0,VENUSTIANO CARRANZA,MINILLAS,409.0,225.0,2150652.54556,487903.25711,CONGRESO DE LA UNION Y CANLAL DEL NORTE,AMP. MICHOACAN,ESPECIALIZADO,3455.0,1987.0,33.0,"ABARROTES, CARNÍCOS, PESCADOS Y MARISCOS, FRUTAS, VERDURAS, SEMILLAS Y DULCES","CARNICOS, VISCERAS",CUADRO,1,MEDIANO,NO,-99.115247,19.450256,POINT Z (-99.1152469999066 19.4502559147775 0)
314,305.0,VENUSTIANO CARRANZA,NUEVO SAN LAZARO,901.0,78.0,2145918.22155,487944.08081,"RIO FRIO No 261, ENTRE 20 DE NOVIEMBRE E INDUSTRIA",PUEBLO DE LA MAGDALENA MIXIHUCA,ESPECIALIZADO,1518.0,1980.0,40.0,"PLANTAS, FLORES Y PECES DE ORNATO",PECES DE ORNATO Y ARTICULOS PARA PECERAS,RECTANGULO,1,CHICO,NO,-99.114828,19.407471,POINT Z (-99.11482799996598 19.4074709149115 0)
315,283.0,VENUSTIANO CARRANZA,DEL PARQUE,903.0,106.0,2146880.34713,487300.10948,"CONGRESO DE LA UNION S/N, LORENZO BOTURINI Y NIVEL",DEL PARQUE,TRADICIONAL,1580.0,1946.0,74.0,COMIDA PREPARADA Y OTROS,COMIDA PREPARADA,RECTANGULO,1,CHICO,NO,-99.120968,19.416162,POINT Z (-99.12096799992659 19.4161619148935 0)
316,292.0,VENUSTIANO CARRANZA,LUIS PRECIADO DE LA TORRE,904.0,132.0,2148230.83592,488860.50347,EMILIO CARRANZA Y LUIS PRECIADO DE LA TORRE,MOCTEZUMA,TRADICIONAL,1800.0,1987.0,33.0,COMIDA PREPARADA Y OTROS,COMIDA PREPARADA,RECTANGULO,1,CHICO,NO,-99.106113,19.428376,POINT Z (-99.10611299992 19.4283759148411 0)
317,295.0,VENUSTIANO CARRANZA,MERCED BANQUETON,109.0,449.0,2147991.17003,487084.59,ROSARIO Y ABRAHAM OLVERA COL.,MERCED CENTRO,TRADICIONAL,4000.0,1969.0,51.0,N/D,N/D,RECTANGULO,1,CHICO,NO,-99.123028,19.426199,POINT Z (-99.12302840010598 19.4261993206258 0)
318,104.0,CUAUHTÉMOC,PASAJE CHAPULTEPEC,363.0,45.0,2147622.61003,481627.47,REFORMA CON RODANO Y LIEJA,COL CUAUHTÉMOC,ESPECIALIZADO,1570.0,1976.0,44.0,COMIDAS Y PASAJE COMERCIAL,N/D,IRREGULAR,1,CHICO,NO,-99.175008,19.422826,POINT Z (-99.1750076016043 19.4228258996355 0)
319,83.0,CUAUHTÉMOC,COLIMA,158.0,52.0,2147038.36003,482057.22,"COLIMA 397, CP 6700",ROMA NORTE,TRADICIONAL,564.0,1958.0,62.0,N/D,N/D,CUADRO,1,CHICO,NO,-99.170909,19.41755,POINT Z (-99.17090851048158 19.4175497957655 0)
320,244.0,TLÁHUAC,LA ESTACION,411.0,70.0,2135097.34003,495425.01,PINO SUAREZ S/N ENTRE BELLAS ARTES Y SAN RAFAEL ATLIXCO,LA ESTACION,TRADICIONAL,1282.0,2012.0,8.0,N/D,N/D,CUADRO,1,CHICO,NO,-99.043549,19.30971,POINT Z (-99.0435490833876 19.3097100861793 0)
321,31.0,AZCAPOTZALCO,REYNOSA TAMAULIPAS,177.0,216.0,2155293.45131,480699.298828,REFINERIA MINATITLAN Y CAMPO CORONA,REYNOSA TAMAULIPAS,TRADICIONAL,3508.0,1964.0,56.0,N/D,N/D,CUADRO,1,MEDIANO,NO,-99.183927,19.49214,POINT Z (-99.183927 19.49214 0)
322,74.0,CUAJIMALPA,CONTADERO,-394.0,78.0,2139388.50338,468421.655734,16 DE SEPTIEMBRE S/N. ENTRE VERACRUZ Y ARTEAGA SALAZAR,CONTADERO,TRADICIONAL,3966.0,1987.0,33.0,N/D,N/D,CUADRO,1,CHICO,NO,-99.300662,19.348248,POINT Z (-99.300662 19.348248 0)
323,128.0,GUSTAVO A. MADERO,EMILIANO ZAPATA,57.0,301.0,2152076.98892,488083.055647,ORIENTE 95 Y NORTE 60,EMILIANO ZAPATA,TRADICIONAL,4517.0,1963.0,57.0,N/D,N/D,CUADRO,1,MEDIANO,NO,-99.113543,19.46313,POINT Z (-99.113543 19.46313 0)
324,165.0,GUSTAVO A. MADERO,24 DE SEPTIEMBRE,365.0,78.0,2153349.98787,493394.265379,RET. TREBOL TULLA Y PITACANTO,U.H. PRADERA,TRADICIONAL,1644.0,1981.0,39.0,N/D,N/D,CUADRO,1,CHICO,NO,-99.062943,19.474659,POINT Z (-99.062943 19.474659 0)
325,274.0,TLALPAN,VEINTICUATRO DE FEBRERO,0.394,53.0,2131231.93491,476307.622623,"F.F. C.C. CUERNAVACA, ENTRE TULUN Y PROL. TEKIL",LOMAS DE PADIERNA SUR,TRADICIONAL,460.0,1989.0,31.0,N/D,N/D,CUADRO,1,CHICO,NO,-99.225478,19.274643,POINT Z (-99.225478 19.274643 0)
326,300.0,VENUSTIANO CARRANZA,MERCED PASO A DESNIVEL,103.0,77.0,2147923.66359,487046.161235,ROSARIO Y ADOLFO GURRION COL. MERCED CENTRO,MERCED CENTRO,ESPECIALIZADO,2100.0,1957.0,63.0,"MUEBLES, FERRETERÍA, JACIERÍA, MIMBRE, CESTERÍA, HERRAMIENTAS, ARTÍCULOS PARA COCINA, ARTÍCULOS ESOTÉRICOS","JARCIERIA, CESTERIA Y MIMBRE",RECTANGULO,1,CHICO,SI,-99.123394,19.425589,POINT Z (-99.123394 19.425589 0)
327,301.0,VENUSTIANO CARRANZA,MERCED PASO A DESNIVEL GOMEZ PEDRAZA,241.0,67.0,2147715.97258,487039.188724,ROSARIO Y ADOLFO GURRION COL. MERCED CENTRO,MERCED CENTRO,ESPECIALIZADO,2100.0,1969.0,51.0,N/D,N/D,RECTANGULO,1,CHICO,SI,-99.123459,19.423712,POINT Z (-99.123459 19.423712 0)
328,0.0,GUSTAVO A. MADERO,PROVIDENCIA,136.0,193.0,2154380.84177,492568.9613,"ESTADO DE ZACATECAS, ENTRE ESTADO DE MORELOS Y ESTADO DE OAXACA",PROVIDENCIA,TRADICIONAL,4978.0,1986.0,34.0,N/D,N/D,RECTANGULAR,1,CHICO,NO,-99.070745,19.484384,POINT Z (-99.07081098601417 19.483972136921487 0)
